country,income,changed_behaviors,outside_space
china,Fourth quintile,Yes,1
china,Second quintile,Yes,1
china,Second quintile,No,1
china,First quintile ,No,1
china,First quintile ,Yes,1
china,Fifth quintile,Yes,1
china,Fourth quintile,Yes,1
china,Fifth quintile,Yes,1
china,Third quintile,Yes,1
china,First quintile ,Yes,1
china,First quintile ,No,0
china,Second quintile,Yes,1
china,Third quintile,Yes,1
china,First quintile ,Yes,1
china,Second quintile,Yes,1
china,First quintile ,Yes,0
china,First quintile ,Yes,1
china,First quintile ,No,0
china,Third quintile,Yes,1
china,Third quintile,Yes,1
china,Third quintile,Yes,1
china,Third quintile,Yes,1
china,Fourth quintile,Yes,1
china,Second quintile,Yes,1
china,First quintile ,No,0
china,First quintile ,Yes,1
china,First quintile ,No,0
china,First quintile ,No,0
china,Second quintile,Yes,1
china,Third quintile,Yes,1
china,First quintile ,No,1
china,Fourth quintile,Yes,0
china,First quintile ,Yes,1
china,First quintile ,No,1
china,Fourth quintile,No,1
china,Fifth quintile,Yes,1
china,First quintile ,Yes,1
china,First quintile ,Yes,1
china,First quintile ,Yes,1
china,Fifth quintile,Yes,1
china,Second quintile,Yes,1
china,First quintile ,No,0
china,Fifth quintile,Yes,1
china,First quintile ,Yes,1
china,Fifth quintile,Yes,1
china,First quintile ,Yes,1
china,First quintile ,Yes,1
china,Third quintile,Yes,1
china,Fifth quintile,Yes,1
china,Second quintile,Yes,1
china,Fourth quintile,Yes,1
china,First quintile ,No,0
china,Fourth quintile,Yes,1
china,Fourth quintile,Yes,1
china,Second quintile,No,0
china,First quintile ,Yes,1
china,First quintile ,Yes,1
china,Third quintile,No,1
china,Fourth quintile,Yes,1
china,Fourth quintile,Yes,1
china,Fifth quintile,Yes,1
china,Third quintile,Yes,1
china,Fourth quintile,Yes,1
china,Fifth quintile,Yes,1
china,Fourth quintile,Yes,1
china,Second quintile,Yes,1
china,First quintile ,Yes,1
china,Fourth quintile,Yes,1
china,Fifth quintile,Yes,1
china,Third quintile,Yes,1
china,Second quintile,Yes,1
china,First quintile ,No,1
china,Second quintile,Yes,1
china,Fourth quintile,Yes,1
china,First quintile ,Yes,1
china,Second quintile,No,0
china,Second quintile,Yes,1
china,Fourth quintile,Yes,1
china,Second quintile,Yes,1
china,Second quintile,Yes,1
china,Second quintile,Yes,1
china,Second quintile,Yes,1
china,Third quintile,Yes,0
china,Fourth quintile,Yes,1
china,Fifth quintile,Yes,1
china,Third quintile,Yes,1
china,Second quintile,Yes,1
china,Third quintile,Yes,1
china,First quintile ,Yes,1
china,Second quintile,Yes,1
china,Fifth quintile,Yes,1
china,First quintile ,Yes,1
china,Third quintile,Yes,1
china,Second quintile,No,0
china,Third quintile,Yes,0
china,Third quintile,Yes,1
china,First quintile ,No,1
china,Fourth quintile,Yes,0
china,Second quintile,Yes,1
china,First quintile ,No,1
china,Second quintile,Yes,1
china,Fourth quintile,Yes,1
china,Fourth quintile,Yes,1
china,Third quintile,Yes,1
china,Second quintile,Yes,1
china,Second quintile,Yes,1
china,Fourth quintile,Yes,1
china,Third quintile,No,0
china,Fourth quintile,No,0
china,Fourth quintile,Yes,1
china,First quintile ,Yes,1
china,Second quintile,Yes,1
china,Fifth quintile,Yes,1
china,Fifth quintile,Yes,1
china,Fourth quintile,Yes,1
china,First quintile ,Yes,1
china,First quintile ,Yes,1
china,Fifth quintile,Yes,1
china,Second quintile,Yes,1
china,Fifth quintile,Yes,1
china,Fifth quintile,Yes,1
china,Fourth quintile,Yes,1
china,Fifth quintile,No,1
china,First quintile ,Yes,1
china,First quintile ,Yes,1
china,Fifth quintile,Yes,1
china,Fifth quintile,Yes,1
china,Second quintile,Yes,1
china,First quintile ,Yes,1
china,First quintile ,Yes,1
china,Fifth quintile,Yes,1
china,Fourth quintile,Yes,1
china,Fifth quintile,Yes,1
china,Fourth quintile,Yes,0
china,Fifth quintile,Yes,1
china,Fourth quintile,Yes,1
china,Fourth quintile,Yes,1
china,Fifth quintile,Yes,1
china,Fifth quintile,Yes,1
china,Second quintile,Yes,1
china,First quintile ,Yes,1
china,Fifth quintile,No,1
china,Fourth quintile,Yes,1
china,Second quintile,Yes,1
china,Fourth quintile,Yes,1
china,First quintile ,Yes,1
china,Second quintile,Yes,1
china,Fourth quintile,Yes,1
china,First quintile ,Yes,1
china,Second quintile,Yes,1
china,Second quintile,Yes,1
china,Second quintile,Yes,1
china,Third quintile,Yes,1
china,Third quintile,Yes,1
china,First quintile ,Yes,1
china,Fifth quintile,Yes,1
china,Second quintile,Yes,1
china,Fourth quintile,Yes,0
china,Second quintile,Yes,1
china,Fourth quintile,Yes,1
china,Fifth quintile,Yes,1
china,Fourth quintile,Yes,1
china,Fourth quintile,Yes,1
china,Fifth quintile,Yes,0
china,Second quintile,Yes,1
china,Third quintile,Yes,1
china,First quintile ,Yes,0
china,Fifth quintile,Yes,1
china,First quintile ,Yes,1
china,Fifth quintile,Yes,1
china,Fourth quintile,Yes,1
china,Third quintile,Yes,1
china,Third quintile,Yes,1
china,First quintile ,Yes,1
china,Third quintile,Yes,1
china,Fifth quintile,Yes,1
china,Fourth quintile,Yes,1
china,Fifth quintile,Yes,1
china,First quintile ,Yes,1
china,Fourth quintile,Yes,1
china,Fifth quintile,No,1
china,Second quintile,Yes,1
china,Fifth quintile,Yes,1
china,Second quintile,Yes,1
china,Fifth quintile,No,1
china,First quintile ,Yes,1
china,Fourth quintile,Yes,1
china,Fifth quintile,Yes,1
china,Fourth quintile,Yes,1
china,Second quintile,Yes,1
china,Third quintile,Yes,1
china,Fifth quintile,Yes,1
china,Fourth quintile,Yes,1
china,Second quintile,No,1
china,Fifth quintile,Yes,1
china,Third quintile,No,1
china,Second quintile,Yes,1
china,First quintile ,Yes,0
china,Second quintile,Yes,1
china,First quintile ,Yes,1
china,Fifth quintile,Yes,1
china,Fourth quintile,Yes,1
china,Second quintile,Yes,1
china,Fourth quintile,Yes,1
china,Fourth quintile,Yes,1
china,Fifth quintile,Yes,1
china,Second quintile,No,1
china,Fifth quintile,No,1
china,Third quintile,Yes,1
china,Fourth quintile,Yes,1
china,Fifth quintile,Yes,1
china,Second quintile,Yes,1
china,Fifth quintile,Yes,1
china,Fourth quintile,Yes,1
china,Fifth quintile,Yes,1
china,Fourth quintile,Yes,1
china,Fifth quintile,Yes,1
china,Fifth quintile,Yes,1
china,Fifth quintile,Yes,1
china,Fifth quintile,Yes,1
china,Fifth quintile,Yes,1
china,Fifth quintile,Yes,1
china,Second quintile,Yes,1
china,Second quintile,Yes,1
china,Second quintile,Yes,1
china,Fifth quintile,Yes,1
china,First quintile ,Yes,1
china,Fifth quintile,Yes,1
china,Fourth quintile,Yes,1
china,First quintile ,Yes,1
china,Third quintile,Yes,1
china,Fifth quintile,Yes,1
china,Third quintile,Yes,1
china,Fifth quintile,Yes,1
china,Third quintile,Yes,1
china,Third quintile,Yes,1
china,Fourth quintile,Yes,1
china,Fifth quintile,Yes,1
china,Third quintile,Yes,1
china,Fifth quintile,Yes,1
china,Fifth quintile,Yes,1
china,Second quintile,Yes,1
china,Second quintile,Yes,1
china,Second quintile,Yes,1
china,Third quintile,Yes,1
china,Third quintile,Yes,1
china,Fifth quintile,Yes,1
china,Fifth quintile,Yes,1
china,Fourth quintile,Yes,1
china,Fifth quintile,Yes,1
china,Second quintile,Yes,1
china,Third quintile,Yes,1
china,Fifth quintile,Yes,1
china,Prefer not to answer,Yes,1
china,Second quintile,Yes,1
china,Fourth quintile,Yes,1
china,Fifth quintile,Yes,1
china,Fourth quintile,Yes,1
china,Fifth quintile,Yes,1
china,Fifth quintile,Yes,1
china,First quintile ,Yes,1
china,Fourth quintile,Yes,1
china,Third quintile,Yes,1
china,Third quintile,No,1
china,Fourth quintile,No,0
china,Third quintile,Yes,1
china,First quintile ,No,0
china,Fifth quintile,Yes,1
china,First quintile ,No,1
china,Second quintile,Yes,1
china,First quintile ,No,0
china,Fourth quintile,Yes,1
china,First quintile ,Yes,1
china,Fourth quintile,No,0
china,First quintile ,No,0
china,Second quintile,Yes,1
china,Fourth quintile,Yes,1
china,First quintile ,Yes,1
china,Fifth quintile,Yes,1
china,Third quintile,No,1
china,Third quintile,Yes,1
china,First quintile ,Yes,1
china,Fifth quintile,Yes,1
china,Third quintile,No,0
china,Fifth quintile,Yes,1
china,Third quintile,Yes,1
china,Fifth quintile,Yes,1
china,First quintile ,No,1
china,First quintile ,Yes,0
china,First quintile ,Yes,1
china,Second quintile,No,1
china,Fourth quintile,Yes,0
china,Third quintile,No,1
china,Third quintile,Yes,1
china,Third quintile,No,1
china,First quintile ,Yes,1
china,First quintile ,Yes,1
china,Fourth quintile,Yes,1
china,Second quintile,Yes,0
china,First quintile ,Yes,1
china,Second quintile,Yes,1
china,First quintile ,Yes,0
china,Fourth quintile,Yes,1
china,Third quintile,No,1
china,Fourth quintile,Yes,0
china,Third quintile,Yes,1
china,Fifth quintile,No,1
china,Second quintile,Yes,0
china,Fourth quintile,Yes,1
china,Fourth quintile,Yes,0
china,Third quintile,Yes,1
china,Third quintile,No,1
china,Third quintile,Yes,1
china,Second quintile,Yes,1
china,Fourth quintile,Yes,1
china,Fifth quintile,Yes,1
china,First quintile ,Yes,1
china,First quintile ,No,1
china,Second quintile,No,1
china,Third quintile,No,1
china,Fourth quintile,No,1
china,First quintile ,Yes,1
china,Second quintile,Yes,1
china,Second quintile,Yes,1
china,First quintile ,Yes,1
china,Fifth quintile,Yes,1
china,Third quintile,Yes,1
china,Third quintile,Yes,1
china,Third quintile,Yes,1
china,Second quintile,Yes,0
china,Second quintile,No,0
china,Third quintile,Yes,1
china,Prefer not to answer,Yes,1
china,Second quintile,Yes,1
china,Third quintile,No,1
china,Second quintile,Yes,0
china,First quintile ,Yes,1
china,Fourth quintile,No,1
china,Fourth quintile,Yes,1
china,First quintile ,No,1
china,Third quintile,Yes,0
china,Second quintile,Yes,1
china,Second quintile,Yes,0
china,Third quintile,No,0
china,Second quintile,Yes,1
china,Fifth quintile,Yes,1
china,Fifth quintile,Yes,1
china,Fourth quintile,Yes,1
china,First quintile ,No,1
china,Third quintile,No,1
china,Fifth quintile,Yes,1
china,First quintile ,No,1
china,First quintile ,No,1
china,First quintile ,No,1
china,Fifth quintile,Yes,1
china,Fourth quintile,Yes,1
china,Third quintile,Yes,0
china,Second quintile,Yes,1
china,Fourth quintile,Yes,0
china,First quintile ,Yes,1
china,First quintile ,Yes,1
china,Second quintile,Yes,1
china,Second quintile,Yes,1
china,Third quintile,Yes,1
china,First quintile ,Yes,1
china,First quintile ,No,1
china,Third quintile,Yes,1
china,First quintile ,No,1
china,Third quintile,Yes,1
china,Fifth quintile,Yes,1
china,Fifth quintile,Yes,1
china,Third quintile,Yes,1
china,Third quintile,Yes,1
china,Fourth quintile,Yes,1
china,Third quintile,Yes,1
china,Third quintile,Yes,1
china,Third quintile,Yes,1
china,Second quintile,No,1
china,First quintile ,Yes,1
china,Second quintile,Yes,1
china,Third quintile,Yes,1
china,Fourth quintile,Yes,1
china,Second quintile,Yes,1
china,Fourth quintile,Yes,1
china,Fourth quintile,Yes,1
china,First quintile ,Yes,0
china,Second quintile,No,0
china,Fourth quintile,Yes,1
china,Fifth quintile,Yes,1
china,Second quintile,Yes,0
china,Fourth quintile,Yes,0
china,Third quintile,Yes,1
china,Third quintile,No,1
china,Fifth quintile,Yes,1
china,Second quintile,Yes,1
china,Second quintile,No,0
china,Fourth quintile,Yes,1
china,Third quintile,No,1
china,Third quintile,Yes,1
china,Third quintile,Yes,1
china,Fourth quintile,Yes,1
china,Third quintile,Yes,1
china,Third quintile,Yes,1
china,Second quintile,No,1
china,Second quintile,Yes,1
china,Third quintile,Yes,1
china,Fourth quintile,Yes,1
china,First quintile ,Yes,1
china,First quintile ,Yes,1
china,Fifth quintile,Yes,0
china,First quintile ,No,1
china,First quintile ,Yes,0
china,First quintile ,Yes,1
china,Fourth quintile,Yes,1
china,Second quintile,Yes,1
china,Fifth quintile,Yes,1
china,First quintile ,Yes,1
china,First quintile ,Yes,0
china,Third quintile,Yes,0
china,Third quintile,Yes,1
china,Third quintile,Yes,1
china,Fourth quintile,Yes,1
china,Second quintile,Yes,0
china,First quintile ,Yes,1
china,First quintile ,No,0
china,Third quintile,Yes,1
china,Fourth quintile,No,1
china,Fifth quintile,Yes,1
china,Third quintile,Yes,1
china,Fourth quintile,Yes,1
china,First quintile ,Yes,1
china,Fourth quintile,Yes,1
china,Fifth quintile,Yes,0
china,Third quintile,Yes,1
china,First quintile ,Yes,1
china,Second quintile,Yes,1
china,Fourth quintile,Yes,1
china,First quintile ,Yes,1
china,Second quintile,Yes,1
china,Fifth quintile,Yes,1
china,Second quintile,Yes,1
china,First quintile ,Yes,1
china,First quintile ,No,1
china,First quintile ,Yes,1
china,Second quintile,Yes,1
china,Third quintile,Yes,1
china,Second quintile,Yes,1
china,Second quintile,Yes,1
china,Fourth quintile,Yes,1
china,Fifth quintile,Yes,1
china,Second quintile,Yes,1
china,Fourth quintile,Yes,1
china,Second quintile,Yes,1
china,Fourth quintile,Yes,1
china,Fourth quintile,Yes,1
china,Second quintile,Yes,1
china,Second quintile,Yes,1
china,Second quintile,Yes,1
china,Fifth quintile,Yes,1
china,Second quintile,Yes,1
china,Fourth quintile,Yes,1
china,Fifth quintile,Yes,1
china,Second quintile,Yes,1
china,Second quintile,Yes,1
china,Second quintile,Yes,1
china,Fourth quintile,Yes,1
china,Fifth quintile,Yes,1
china,Third quintile,No,1
china,Second quintile,Yes,1
china,Second quintile,Yes,1
china,Fourth quintile,Yes,0
china,Fifth quintile,Yes,1
china,First quintile ,Yes,1
china,Fifth quintile,Yes,1
china,Second quintile,Yes,1
china,Fourth quintile,Yes,1
china,First quintile ,Yes,1
china,Third quintile,No,1
china,Fourth quintile,Yes,1
china,Fifth quintile,Yes,1
china,Second quintile,Yes,1
china,First quintile ,Yes,1
china,Fourth quintile,Yes,1
china,Second quintile,Yes,1
china,Third quintile,Yes,1
china,Third quintile,Yes,1
china,Fifth quintile,Yes,1
china,First quintile ,No,1
china,Fifth quintile,Yes,1
china,Second quintile,No,1
china,Second quintile,Yes,1
china,Third quintile,Yes,1
china,First quintile ,Yes,1
china,First quintile ,No,1
china,First quintile ,Yes,1
china,Third quintile,Yes,0
china,Fifth quintile,Yes,1
china,Second quintile,Yes,1
china,Second quintile,Yes,1
china,Fifth quintile,Yes,1
china,Third quintile,Yes,1
china,Fifth quintile,Yes,1
china,Fourth quintile,Yes,1
china,First quintile ,Yes,1
china,Second quintile,Yes,1
china,Second quintile,Yes,1
china,Third quintile,Yes,1
china,First quintile ,Yes,1
china,Fourth quintile,Yes,1
china,First quintile ,Yes,1
china,Fourth quintile,Yes,1
china,Fourth quintile,Yes,1
china,First quintile ,No,0
china,Fifth quintile,Yes,1
china,Third quintile,Yes,1
china,Third quintile,Yes,1
china,First quintile ,Yes,1
china,Fifth quintile,Yes,1
china,Fifth quintile,Yes,1
china,First quintile ,Yes,1
china,First quintile ,Yes,1
china,Third quintile,Yes,1
china,Fifth quintile,Yes,1
china,First quintile ,Yes,1
china,Third quintile,Yes,0
china,Fifth quintile,Yes,1
china,Fourth quintile,Yes,1
china,Third quintile,Yes,1
china,Fifth quintile,Yes,1
china,First quintile ,No,1
china,Fourth quintile,Yes,1
china,Fifth quintile,No,1
china,Second quintile,Yes,1
china,Second quintile,Yes,1
china,Fourth quintile,Yes,1
china,Fourth quintile,Yes,1
china,First quintile ,Yes,1
china,Fourth quintile,Yes,1
china,First quintile ,No,1
china,Second quintile,Yes,1
china,First quintile ,No,1
china,Fourth quintile,Yes,1
china,Second quintile,No,1
china,Fourth quintile,Yes,1
china,First quintile ,Yes,0
china,Third quintile,Yes,1
china,Third quintile,Yes,1
china,Third quintile,Yes,1
china,Third quintile,Yes,1
china,First quintile ,Yes,1
china,Fifth quintile,Yes,1
china,Fifth quintile,Yes,1
china,Fourth quintile,Yes,1
china,Third quintile,Yes,1
china,Fifth quintile,Yes,1
china,Third quintile,Yes,1
china,Second quintile,Yes,1
china,Second quintile,No,1
china,Fifth quintile,Yes,1
china,Fifth quintile,Yes,1
china,First quintile ,Yes,1
china,Second quintile,Yes,1
china,Second quintile,Yes,1
china,Fifth quintile,Yes,1
china,Second quintile,No,1
china,Fifth quintile,Yes,0
china,First quintile ,Yes,1
china,Third quintile,Yes,1
china,Fifth quintile,Yes,1
china,Fourth quintile,No,1
china,Second quintile,Yes,1
china,Fifth quintile,Yes,1
china,Fifth quintile,Yes,1
china,Fourth quintile,Yes,1
china,Fifth quintile,Yes,1
china,Fourth quintile,Yes,1
china,Fifth quintile,Yes,1
china,Second quintile,No,1
china,Second quintile,No,0
china,Second quintile,Yes,1
china,Second quintile,Yes,1
china,Third quintile,Yes,1
china,Fifth quintile,Yes,1
china,Fifth quintile,Yes,1
china,Fifth quintile,Yes,1
china,First quintile ,Yes,1
china,Fifth quintile,Yes,1
china,Fourth quintile,Yes,1
china,Third quintile,Yes,1
china,First quintile ,Yes,1
china,Second quintile,Yes,1
china,Fifth quintile,Yes,1
china,Second quintile,Yes,1
china,First quintile ,Yes,1
china,Fifth quintile,Yes,1
china,Third quintile,No,0
china,Third quintile,Yes,1
china,First quintile ,Yes,1
china,First quintile ,No,1
china,Fourth quintile,Yes,1
china,Fifth quintile,Yes,1
china,Second quintile,Yes,1
china,First quintile ,No,1
china,Fourth quintile,Yes,1
china,Fifth quintile,Yes,1
china,Fourth quintile,Yes,1
china,Third quintile,Yes,1
china,First quintile ,Yes,1
china,Second quintile,No,1
china,Second quintile,Yes,1
china,First quintile ,Yes,1
china,Fourth quintile,No,1
china,Second quintile,Yes,1
china,First quintile ,Yes,1
china,First quintile ,Yes,1
china,Third quintile,Yes,1
china,First quintile ,Yes,1
china,First quintile ,Yes,1
china,Fourth quintile,No,1
china,Second quintile,Yes,1
china,First quintile ,Yes,1
china,Fifth quintile,Yes,0
china,Fourth quintile,Yes,0
china,Second quintile,No,1
china,Second quintile,Yes,1
china,Fourth quintile,Yes,1
china,First quintile ,Yes,1
china,First quintile ,Yes,1
china,Fourth quintile,Yes,1
china,Third quintile,Yes,1
china,Second quintile,Yes,1
china,First quintile ,Yes,1
china,Fourth quintile,Yes,1
china,Fifth quintile,Yes,1
china,First quintile ,Yes,1
china,Third quintile,Yes,1
china,First quintile ,No,1
china,Fourth quintile,Yes,1
china,Second quintile,Yes,1
china,Fourth quintile,No,1
china,Second quintile,Yes,1
china,Fourth quintile,Yes,1
china,Second quintile,Yes,1
china,Second quintile,Yes,1
china,First quintile ,Yes,1
china,Second quintile,Yes,1
china,Second quintile,Yes,1
china,Fourth quintile,Yes,1
china,Third quintile,Yes,1
china,First quintile ,Yes,1
china,Fourth quintile,Yes,1
china,Third quintile,No,1
china,Second quintile,No,1
china,Third quintile,Yes,1
china,Third quintile,Yes,1
china,First quintile ,Yes,1
china,Third quintile,Yes,1
china,Third quintile,Yes,1
china,Fourth quintile,No,1
china,Fourth quintile,Yes,0
china,Third quintile,Yes,1
china,Fourth quintile,Yes,1
china,First quintile ,No,1
china,First quintile ,No,0
china,Third quintile,No,1
china,Fourth quintile,Yes,1
china,Fifth quintile,Yes,1
china,Third quintile,No,0
china,Fifth quintile,Yes,1
china,Third quintile,Yes,1
china,Second quintile,Yes,1
china,Fourth quintile,No,1
china,First quintile ,Yes,1
china,First quintile ,Yes,1
china,Third quintile,No,1
china,Fifth quintile,Yes,1
china,First quintile ,Yes,0
china,Second quintile,Yes,1
china,Third quintile,Yes,1
china,First quintile ,Yes,1
china,Fourth quintile,No,1
china,Third quintile,No,1
china,Third quintile,Yes,1
china,First quintile ,Yes,1
china,Fourth quintile,Yes,1
china,Fifth quintile,Yes,1
china,Fourth quintile,No,1
china,Third quintile,Yes,1
china,Fourth quintile,No,1
china,First quintile ,Yes,1
china,First quintile ,No,0
china,Fourth quintile,No,0
china,Fifth quintile,Yes,1
china,Fifth quintile,Yes,1
china,Fifth quintile,Yes,1
china,First quintile ,Yes,1
china,First quintile ,Yes,1
china,Third quintile,Yes,1
china,First quintile ,Yes,1
china,Third quintile,Yes,1
china,Third quintile,Yes,1
china,Fourth quintile,No,1
china,Fifth quintile,Yes,1
china,Third quintile,Yes,1
china,Second quintile,No,1
china,Fifth quintile,Yes,1
china,Fourth quintile,No,0
china,Third quintile,Yes,1
china,Third quintile,Yes,1
china,Second quintile,Yes,1
china,Second quintile,Yes,1
china,Second quintile,Yes,1
china,First quintile ,Yes,0
china,Fourth quintile,Yes,1
china,Third quintile,No,0
china,Fifth quintile,Yes,0
china,Fourth quintile,Yes,1
china,Second quintile,No,0
china,Fifth quintile,Yes,0
china,Third quintile,Yes,1
china,Second quintile,Yes,1
china,Fifth quintile,Yes,1
china,Fourth quintile,Yes,1
china,First quintile ,No,1
china,Fourth quintile,Yes,1
china,Third quintile,Yes,1
china,Fifth quintile,Yes,0
china,Third quintile,No,1
china,Second quintile,No,0
china,Second quintile,Yes,1
china,Fourth quintile,Yes,1
china,Fifth quintile,Yes,1
china,Fifth quintile,Yes,0
china,Third quintile,Yes,1
china,Second quintile,Yes,1
china,Fourth quintile,Yes,1
china,Fifth quintile,Yes,1
china,Second quintile,Yes,1
china,First quintile ,Yes,1
china,Third quintile,Yes,1
china,Fifth quintile,Yes,1
china,Second quintile,Yes,1
china,Fourth quintile,Yes,1
china,Fifth quintile,Yes,1
china,Third quintile,No,1
china,Fifth quintile,Yes,1
china,First quintile ,No,1
china,First quintile ,No,1
china,First quintile ,No,1
china,Second quintile,No,0
china,Fourth quintile,Yes,1
china,Fourth quintile,No,1
china,Second quintile,No,1
china,Second quintile,Yes,1
china,Third quintile,Yes,1
china,First quintile ,No,1
china,First quintile ,No,1
china,Third quintile,No,1
china,Second quintile,Yes,1
china,First quintile ,Yes,1
china,Fourth quintile,Yes,1
china,First quintile ,Yes,1
china,First quintile ,No,1
china,Fourth quintile,Yes,1
china,Third quintile,Yes,1
china,First quintile ,No,0
china,Second quintile,Yes,0
china,Fourth quintile,Yes,1
china,Third quintile,No,1
china,Second quintile,Yes,1
china,Third quintile,Yes,0
china,Third quintile,Yes,1
china,First quintile ,Yes,1
china,Third quintile,No,1
china,First quintile ,Yes,1
china,First quintile ,No,1
china,Second quintile,Yes,1
china,Fourth quintile,Yes,1
china,Second quintile,No,1
china,Third quintile,Yes,1
china,Fifth quintile,Yes,0
china,Fifth quintile,Yes,1
china,Fifth quintile,Yes,1
china,Fifth quintile,Yes,1
china,First quintile ,No,1
china,First quintile ,Yes,1
china,Third quintile,Yes,0
china,First quintile ,No,1
china,Second quintile,No,1
china,First quintile ,No,1
china,Fourth quintile,No,1
china,Fifth quintile,Yes,1
china,First quintile ,No,1
china,Fifth quintile,Yes,1
china,First quintile ,No,1
china,Third quintile,Yes,1
china,Second quintile,Yes,1
china,First quintile ,No,1
china,Fifth quintile,Yes,1
china,Third quintile,No,1
china,Fifth quintile,Yes,1
china,Fourth quintile,Yes,1
china,Third quintile,Yes,1
china,Third quintile,Yes,1
china,Second quintile,Yes,1
china,Fifth quintile,Yes,1
china,Fourth quintile,Yes,0
china,First quintile ,No,1
china,First quintile ,Yes,1
china,Third quintile,Yes,1
china,First quintile ,No,1
china,First quintile ,Yes,1
china,Second quintile,Yes,1
china,Third quintile,Yes,1
china,Third quintile,Yes,1
china,Fifth quintile,Yes,1
china,First quintile ,Yes,1
china,Fourth quintile,Yes,1
china,Second quintile,Yes,1
china,Fourth quintile,No,0
china,Fifth quintile,Yes,1
china,Second quintile,No,0
china,Third quintile,Yes,1
china,Third quintile,Yes,1
china,Second quintile,Yes,1
china,Fourth quintile,Yes,0
china,Second quintile,No,1
china,Second quintile,Yes,0
china,Third quintile,No,1
china,Third quintile,Yes,1
china,First quintile ,Yes,0
china,Second quintile,Yes,1
china,Third quintile,No,1
china,Third quintile,Yes,1
china,Fourth quintile,Yes,1
china,Third quintile,Yes,1
china,Third quintile,Yes,1
china,Third quintile,Yes,1
china,First quintile ,Yes,1
china,First quintile ,Yes,1
china,Third quintile,No,1
china,Third quintile,Yes,1
china,Third quintile,Yes,1
china,First quintile ,Yes,1
china,Third quintile,No,1
china,Third quintile,Yes,1
china,First quintile ,Yes,1
china,Third quintile,No,1
china,Fourth quintile,Yes,1
china,Second quintile,Yes,1
china,Second quintile,Yes,1
china,Third quintile,Yes,1
china,Second quintile,Yes,1
china,Second quintile,Yes,1
china,First quintile ,Yes,1
china,First quintile ,Yes,1
china,Fourth quintile,Yes,1
china,Fourth quintile,No,1
china,Second quintile,Yes,0
china,Third quintile,Yes,1
china,Fourth quintile,Yes,1
china,Fourth quintile,Yes,1
china,Third quintile,Yes,1
china,Fifth quintile,Yes,1
china,Fifth quintile,Yes,1
china,First quintile ,Yes,1
china,Fifth quintile,Yes,1
china,Second quintile,Yes,1
china,Fourth quintile,Yes,1
china,Fifth quintile,Yes,1
china,Fifth quintile,Yes,1
china,Fourth quintile,No,1
china,Fifth quintile,Yes,1
china,Third quintile,Yes,0
china,Fourth quintile,Yes,1
china,Fourth quintile,Yes,1
china,Fourth quintile,No,1
china,Fourth quintile,Yes,1
china,Fourth quintile,Yes,1
china,Fourth quintile,Yes,1
china,Third quintile,Yes,1
china,Fifth quintile,Yes,1
china,Fourth quintile,Yes,1
china,Third quintile,Yes,1
china,Fifth quintile,Yes,1
china,Third quintile,Yes,1
china,Fourth quintile,Yes,1
china,Second quintile,Yes,1
china,Fifth quintile,Yes,1
china,Fifth quintile,Yes,1
china,Third quintile,Yes,1
china,Fourth quintile,Yes,1
china,Fifth quintile,Yes,1
china,Fourth quintile,No,1
china,First quintile ,No,0
china,Fourth quintile,Yes,1
china,First quintile ,No,0
china,Fourth quintile,No,1
china,Second quintile,Yes,1
china,Fifth quintile,Yes,1
china,Second quintile,No,0
china,Fifth quintile,Yes,1
china,Fifth quintile,Yes,1
china,Fourth quintile,Yes,1
china,Second quintile,Yes,1
china,First quintile ,Yes,1
china,Fourth quintile,Yes,1
china,Fifth quintile,Yes,1
china,Fifth quintile,Yes,1
china,Fourth quintile,Yes,1
china,Fifth quintile,Yes,1
china,First quintile ,Yes,1
china,Fourth quintile,Yes,1
china,Second quintile,No,0
china,Fourth quintile,Yes,1
china,Fourth quintile,No,1
china,First quintile ,Yes,1
china,Fourth quintile,No,1
china,Fifth quintile,Yes,1
china,Fifth quintile,Yes,1
china,Fifth quintile,Yes,1
china,Fifth quintile,Yes,1
china,Fourth quintile,Yes,1
china,Fourth quintile,Yes,1
china,Fifth quintile,Yes,1
china,First quintile ,No,0
china,Third quintile,Yes,1
china,Fourth quintile,Yes,1
china,Third quintile,Yes,1
china,Fourth quintile,Yes,0
china,Third quintile,Yes,1
china,Second quintile,Yes,1
china,Second quintile,No,1
china,Second quintile,Yes,1
china,Fourth quintile,Yes,1
china,Fourth quintile,No,1
china,First quintile ,Yes,1
china,Fifth quintile,Yes,1
china,Third quintile,Yes,0
china,Fourth quintile,Yes,0
china,Third quintile,Yes,1
china,Third quintile,Yes,1
china,Fifth quintile,Yes,1
china,Fifth quintile,Yes,1
china,Second quintile,Yes,1
china,Fifth quintile,Yes,1
china,Fifth quintile,Yes,1
china,Second quintile,Yes,1
china,Second quintile,Yes,1
china,Fourth quintile,Yes,1
china,Fifth quintile,Yes,1
china,Third quintile,Yes,1
china,Fourth quintile,Yes,1
china,Fifth quintile,Yes,1
china,First quintile ,Yes,1
china,Fifth quintile,No,0
china,Fifth quintile,Yes,1
china,Fifth quintile,Yes,1
china,Fourth quintile,Yes,1
china,Fourth quintile,Yes,1
china,Third quintile,Yes,1
china,Third quintile,Yes,1
china,Fifth quintile,Yes,1
china,Fifth quintile,Yes,1
china,Third quintile,Yes,1
china,First quintile ,Yes,1
china,Second quintile,Yes,1
china,Second quintile,Yes,1
china,Second quintile,Yes,1
china,Fourth quintile,Yes,1
china,Third quintile,Yes,1
china,Third quintile,Yes,0
china,First quintile ,Yes,1
china,Third quintile,Yes,1
china,Third quintile,Yes,1
china,Second quintile,Yes,1
china,Second quintile,Yes,1
china,Fifth quintile,Yes,1
china,Fourth quintile,Yes,1
china,Third quintile,Yes,1
china,Third quintile,Yes,1
china,Fifth quintile,Yes,1
china,Second quintile,No,1
china,Third quintile,Yes,1
china,Second quintile,Yes,1
china,Fifth quintile,Yes,1
china,Fourth quintile,Yes,1
china,Fifth quintile,Yes,1
china,Fourth quintile,Yes,1
china,Fifth quintile,Yes,1
china,Second quintile,No,1
china,First quintile ,Yes,1
china,Third quintile,Yes,1
china,Fifth quintile,Yes,1
china,Fifth quintile,Yes,1
china,Second quintile,Yes,1
italy,Fifth quintile,Yes,1
italy,Third quintile,Yes,1
italy,First quintile ,Yes,1
italy,Second quintile,Yes,1
italy,Fourth quintile,Yes,1
italy,Second quintile,Yes,1
italy,Fifth quintile,Yes,1
italy,First quintile ,Yes,1
italy,Fifth quintile,Yes,1
italy,Third quintile,Yes,1
italy,Second quintile,Yes,1
italy,Fourth quintile,Yes,1
italy,Third quintile,Yes,1
italy,Third quintile,Yes,1
italy,Third quintile,Yes,1
italy,Fifth quintile,Yes,1
italy,Fourth quintile,Yes,1
italy,First quintile ,Yes,1
italy,Second quintile,Yes,1
italy,Fifth quintile,Yes,1
italy,Third quintile,Yes,0
italy,Third quintile,No,1
italy,Second quintile,No,1
italy,Third quintile,Yes,1
italy,Third quintile,Yes,1
italy,Third quintile,Yes,1
italy,Third quintile,Yes,1
italy,Third quintile,Yes,1
italy,Third quintile,Yes,1
italy,Second quintile,Yes,0
italy,Second quintile,No,0
italy,Third quintile,Yes,1
italy,Third quintile,Yes,1
italy,Second quintile,Yes,1
italy,Second quintile,Yes,1
italy,Fourth quintile,Yes,1
italy,Third quintile,Yes,1
italy,First quintile ,Yes,1
italy,Second quintile,No,1
italy,Fifth quintile,Yes,1
italy,Second quintile,Yes,1
italy,Second quintile,Yes,1
italy,Third quintile,No,1
italy,Third quintile,Yes,1
italy,First quintile ,Yes,1
italy,First quintile ,Yes,1
italy,Fifth quintile,Yes,1
italy,Second quintile,Yes,1
italy,First quintile ,No,1
italy,Third quintile,Yes,1
italy,First quintile ,Yes,1
italy,First quintile ,Yes,1
italy,First quintile ,Yes,1
italy,Fourth quintile,Yes,1
italy,Second quintile,Yes,1
italy,Fourth quintile,Yes,1
italy,Third quintile,Yes,1
italy,Second quintile,Yes,1
italy,Second quintile,Yes,0
italy,First quintile ,Yes,1
italy,Fourth quintile,Yes,1
italy,Second quintile,Yes,1
italy,Second quintile,Yes,1
italy,Fifth quintile,Yes,0
italy,Second quintile,Yes,1
italy,Fourth quintile,Yes,1
italy,Fifth quintile,Yes,1
italy,Fourth quintile,Yes,1
italy,Third quintile,Yes,1
italy,Third quintile,Yes,1
italy,Fifth quintile,Yes,1
italy,Second quintile,Yes,1
italy,Fourth quintile,Yes,1
italy,Fifth quintile,Yes,1
italy,Third quintile,Yes,1
italy,Fourth quintile,Yes,1
italy,Fifth quintile,Yes,1
italy,Second quintile,Yes,0
italy,Fourth quintile,Yes,1
italy,Third quintile,Yes,1
italy,First quintile ,Yes,1
italy,Third quintile,No,1
italy,Fourth quintile,Yes,1
italy,Second quintile,Yes,1
italy,Fourth quintile,Yes,1
italy,Third quintile,Yes,1
italy,Third quintile,Yes,1
italy,Fourth quintile,Yes,1
italy,Third quintile,Yes,1
italy,Fourth quintile,Yes,1
italy,Fourth quintile,Yes,1
italy,First quintile ,Yes,1
italy,Fourth quintile,Yes,1
italy,Fifth quintile,Yes,1
italy,Third quintile,Yes,1
italy,Third quintile,Yes,1
italy,Third quintile,Yes,1
italy,Third quintile,No,1
italy,Third quintile,Yes,1
italy,Third quintile,Yes,1
italy,Third quintile,Yes,1
italy,Third quintile,Yes,1
italy,First quintile ,Yes,0
italy,Fifth quintile,Yes,1
italy,Third quintile,Yes,1
italy,Fourth quintile,Yes,1
italy,Fourth quintile,Yes,1
italy,Fifth quintile,Yes,1
italy,Fourth quintile,Yes,1
italy,Fifth quintile,Yes,1
italy,First quintile ,No,1
italy,Third quintile,Yes,1
italy,Second quintile,Yes,1
italy,Third quintile,Yes,1
italy,Fifth quintile,Yes,1
italy,Second quintile,Yes,1
italy,Fourth quintile,Yes,1
italy,First quintile ,Yes,1
italy,Third quintile,Yes,0
italy,Second quintile,No,1
italy,Fourth quintile,Yes,1
italy,Second quintile,Yes,1
italy,Third quintile,Yes,1
italy,First quintile ,Yes,1
italy,Second quintile,Yes,1
italy,Third quintile,Yes,1
italy,Fifth quintile,Yes,1
italy,Fourth quintile,Yes,1
italy,First quintile ,Yes,1
italy,Third quintile,Yes,1
italy,First quintile ,Yes,1
italy,Third quintile,Yes,1
italy,First quintile ,Yes,1
italy,First quintile ,Yes,1
italy,Second quintile,Yes,1
italy,Second quintile,Yes,1
italy,First quintile ,Yes,1
italy,Fourth quintile,Yes,1
italy,First quintile ,Yes,1
italy,Second quintile,Yes,1
italy,Fourth quintile,Yes,1
italy,Third quintile,Yes,0
italy,First quintile ,Yes,1
italy,Third quintile,Yes,1
italy,First quintile ,Yes,1
italy,Fifth quintile,Yes,1
italy,Fourth quintile,Yes,1
italy,Fifth quintile,Yes,1
italy,Fourth quintile,Yes,1
italy,Fifth quintile,No,1
italy,Fifth quintile,Yes,1
italy,Fourth quintile,No,1
italy,Fifth quintile,Yes,1
italy,Second quintile,Yes,1
italy,Fifth quintile,Yes,1
italy,Fourth quintile,Yes,1
italy,Fifth quintile,Yes,1
italy,Fourth quintile,Yes,1
italy,Third quintile,Yes,1
italy,Fifth quintile,Yes,1
italy,Fourth quintile,Yes,1
italy,First quintile ,Yes,1
italy,Fourth quintile,Yes,1
italy,Third quintile,Yes,1
italy,Third quintile,Yes,1
italy,First quintile ,Yes,1
italy,Second quintile,Yes,1
italy,Third quintile,Yes,1
italy,First quintile ,Yes,1
italy,Fourth quintile,Yes,1
italy,Fifth quintile,Yes,1
italy,Fifth quintile,Yes,1
italy,Fifth quintile,Yes,1
italy,Fifth quintile,Yes,1
italy,Fourth quintile,Yes,1
italy,Third quintile,Yes,1
italy,Fifth quintile,Yes,1
italy,Second quintile,Yes,1
italy,Second quintile,Yes,1
italy,Second quintile,Yes,1
italy,Fourth quintile,No,1
italy,Fifth quintile,Yes,1
italy,Fourth quintile,Yes,1
italy,Fifth quintile,Yes,1
italy,Third quintile,Yes,1
italy,Third quintile,Yes,1
italy,Fifth quintile,Yes,1
italy,Fifth quintile,Yes,1
italy,Third quintile,No,1
italy,Third quintile,Yes,1
italy,Third quintile,Yes,1
italy,Second quintile,No,1
italy,Third quintile,Yes,1
italy,Fourth quintile,Yes,1
italy,Third quintile,Yes,1
italy,Fourth quintile,Yes,1
italy,Second quintile,Yes,1
italy,Second quintile,Yes,1
italy,First quintile ,Yes,1
italy,Fifth quintile,Yes,1
italy,Third quintile,Yes,1
italy,Third quintile,Yes,0
italy,Fourth quintile,Yes,1
italy,Prefer not to answer,No,1
italy,Third quintile,Yes,1
italy,Fourth quintile,Yes,1
italy,Fourth quintile,Yes,1
italy,Fourth quintile,Yes,1
italy,Fourth quintile,Yes,1
italy,Fifth quintile,Yes,1
italy,Second quintile,Yes,1
italy,Second quintile,Yes,1
italy,Second quintile,Yes,1
italy,Second quintile,Yes,1
italy,Fifth quintile,Yes,1
italy,Third quintile,Yes,1
italy,Second quintile,Yes,1
italy,Fifth quintile,Yes,1
italy,Fifth quintile,Yes,1
italy,Second quintile,Yes,1
italy,Third quintile,Yes,1
italy,Fourth quintile,Yes,1
italy,Fourth quintile,Yes,1
italy,Fourth quintile,Yes,1
italy,Fourth quintile,No,1
italy,Third quintile,Yes,1
italy,Fourth quintile,Yes,1
italy,Third quintile,Yes,1
italy,Third quintile,Yes,1
italy,Fourth quintile,No,0
italy,Fourth quintile,Yes,1
italy,Third quintile,Yes,1
italy,Third quintile,Yes,1
italy,Fourth quintile,Yes,1
italy,Second quintile,Yes,1
italy,Third quintile,Yes,1
italy,Third quintile,Yes,1
italy,Third quintile,Yes,1
italy,Third quintile,Yes,1
italy,Second quintile,Yes,1
italy,Second quintile,Yes,1
italy,Fifth quintile,Yes,1
italy,Third quintile,Yes,0
italy,Fourth quintile,Yes,1
italy,Third quintile,Yes,1
italy,Fourth quintile,Yes,1
italy,Fourth quintile,Yes,1
italy,Third quintile,Yes,1
italy,Fifth quintile,No,1
italy,First quintile ,Yes,1
italy,Third quintile,Yes,1
italy,Second quintile,Yes,1
italy,Fourth quintile,Yes,1
italy,Fifth quintile,Yes,1
italy,Second quintile,No,1
italy,Fifth quintile,Yes,1
italy,Second quintile,Yes,1
italy,First quintile ,Yes,1
italy,First quintile ,No,1
italy,Fourth quintile,Yes,1
italy,Third quintile,No,1
italy,Fourth quintile,Yes,0
italy,Fourth quintile,Yes,1
italy,First quintile ,Yes,1
italy,First quintile ,Yes,1
italy,Fifth quintile,Yes,1
italy,First quintile ,Yes,0
italy,Third quintile,Yes,1
italy,Third quintile,Yes,1
italy,Second quintile,No,1
italy,Fifth quintile,Yes,1
italy,Second quintile,Yes,1
italy,Fourth quintile,Yes,1
italy,First quintile ,No,1
italy,Third quintile,Yes,1
italy,Second quintile,Yes,1
italy,Second quintile,Yes,1
italy,Fourth quintile,Yes,1
italy,Second quintile,Yes,1
italy,Fifth quintile,Yes,1
italy,Fifth quintile,Yes,1
italy,Second quintile,Yes,1
italy,Third quintile,Yes,1
italy,Fourth quintile,Yes,1
italy,Fourth quintile,Yes,1
italy,Third quintile,Yes,1
italy,Third quintile,Yes,1
italy,Second quintile,Yes,1
italy,Fifth quintile,Yes,1
italy,Third quintile,No,1
italy,Fourth quintile,Yes,1
italy,First quintile ,Yes,1
italy,Fifth quintile,Yes,1
italy,Third quintile,Yes,1
italy,Fourth quintile,Yes,1
italy,First quintile ,Yes,1
italy,Second quintile,Yes,1
italy,Third quintile,Yes,1
italy,Third quintile,Yes,1
italy,Fourth quintile,Yes,1
italy,Fourth quintile,Yes,1
italy,First quintile ,Yes,1
italy,Fourth quintile,Yes,0
italy,Second quintile,Yes,1
italy,Fourth quintile,Yes,1
italy,Third quintile,Yes,1
italy,First quintile ,Yes,1
italy,First quintile ,Yes,1
italy,Prefer not to answer,Yes,1
italy,Third quintile,Yes,1
italy,Second quintile,Yes,1
italy,Fifth quintile,Yes,1
italy,Third quintile,Yes,0
italy,Third quintile,Yes,1
italy,Fourth quintile,Yes,1
italy,First quintile ,Yes,1
italy,Third quintile,Yes,0
italy,First quintile ,No,1
italy,Third quintile,Yes,1
italy,First quintile ,No,1
italy,Fourth quintile,Yes,1
italy,Fourth quintile,Yes,1
italy,Prefer not to answer,Yes,1
italy,Fifth quintile,Yes,1
italy,Fourth quintile,Yes,1
italy,Fourth quintile,Yes,0
italy,Third quintile,Yes,1
italy,Fourth quintile,Yes,1
italy,Fourth quintile,Yes,1
italy,Third quintile,Yes,1
italy,Fifth quintile,Yes,1
italy,Third quintile,Yes,1
italy,Third quintile,Yes,1
italy,Third quintile,Yes,1
italy,First quintile ,Yes,0
italy,Third quintile,Yes,1
italy,Second quintile,Yes,1
italy,Third quintile,Yes,1
italy,Second quintile,Yes,1
italy,Third quintile,Yes,1
italy,Second quintile,Yes,0
italy,Fourth quintile,Yes,0
italy,First quintile ,Yes,1
italy,Third quintile,Yes,1
italy,Fourth quintile,Yes,1
italy,Third quintile,Yes,1
italy,Fourth quintile,Yes,1
italy,First quintile ,Yes,1
italy,Fourth quintile,Yes,1
italy,First quintile ,Yes,1
italy,Fifth quintile,Yes,1
italy,Fourth quintile,Yes,1
italy,Second quintile,Yes,1
italy,Second quintile,No,0
italy,Fourth quintile,Yes,1
italy,Fifth quintile,Yes,1
italy,First quintile ,Yes,1
italy,Fifth quintile,Yes,1
italy,First quintile ,Yes,1
italy,First quintile ,Yes,1
italy,Fifth quintile,Yes,1
italy,Third quintile,Yes,1
italy,Fourth quintile,Yes,1
italy,Fourth quintile,Yes,1
italy,Fourth quintile,Yes,1
italy,Fifth quintile,No,1
italy,First quintile ,Yes,1
italy,Fifth quintile,Yes,1
italy,Second quintile,Yes,1
italy,First quintile ,Yes,1
italy,Third quintile,Yes,1
italy,First quintile ,Yes,1
italy,Third quintile,Yes,1
italy,Second quintile,No,1
italy,Second quintile,Yes,1
italy,Fifth quintile,Yes,1
italy,Third quintile,No,0
italy,First quintile ,No,0
italy,Fourth quintile,Yes,1
italy,Third quintile,No,1
italy,Fourth quintile,Yes,1
italy,Third quintile,Yes,0
italy,Prefer not to answer,Yes,1
italy,Fourth quintile,Yes,1
italy,Fourth quintile,Yes,1
italy,Fourth quintile,Yes,0
italy,Fourth quintile,Yes,1
italy,Second quintile,Yes,1
italy,Fourth quintile,Yes,1
italy,First quintile ,Yes,0
italy,Fourth quintile,Yes,0
italy,First quintile ,Yes,1
italy,First quintile ,Yes,1
italy,Third quintile,Yes,1
italy,Second quintile,Yes,1
italy,First quintile ,Yes,1
italy,Second quintile,Yes,1
italy,Fourth quintile,Yes,0
italy,First quintile ,Yes,1
italy,Fifth quintile,Yes,1
italy,Fifth quintile,Yes,1
italy,Fifth quintile,Yes,1
italy,Fourth quintile,Yes,1
italy,Third quintile,Yes,1
italy,Fifth quintile,Yes,1
italy,Fourth quintile,Yes,1
italy,Fifth quintile,Yes,1
italy,Third quintile,Yes,1
italy,Fifth quintile,Yes,1
italy,Second quintile,Yes,1
italy,Third quintile,No,1
italy,Third quintile,Yes,1
italy,Second quintile,Yes,0
italy,Third quintile,Yes,1
italy,Fourth quintile,Yes,1
italy,Fifth quintile,Yes,1
italy,Fifth quintile,Yes,1
italy,Fourth quintile,Yes,1
italy,Fifth quintile,Yes,1
italy,Second quintile,Yes,1
italy,Second quintile,Yes,1
italy,Fourth quintile,Yes,1
italy,Fourth quintile,Yes,1
italy,Fifth quintile,Yes,1
italy,Fifth quintile,Yes,1
italy,Fourth quintile,Yes,1
italy,Fourth quintile,Yes,1
italy,Fourth quintile,Yes,1
italy,Fifth quintile,Yes,1
italy,Fourth quintile,No,1
italy,Prefer not to answer,Yes,1
italy,First quintile ,Yes,1
italy,Fifth quintile,Yes,1
italy,Fifth quintile,Yes,1
italy,Fourth quintile,Yes,1
italy,Second quintile,No,1
italy,Fourth quintile,Yes,1
italy,Fourth quintile,Yes,1
italy,Third quintile,Yes,1
italy,Fifth quintile,Yes,1
italy,Fourth quintile,Yes,1
italy,Second quintile,Yes,1
italy,Third quintile,Yes,1
italy,Third quintile,Yes,1
italy,Fifth quintile,Yes,1
italy,Second quintile,Yes,1
italy,Third quintile,Yes,0
italy,Fourth quintile,Yes,1
italy,Second quintile,Yes,1
italy,Fourth quintile,Yes,1
italy,Third quintile,Yes,1
italy,Fifth quintile,Yes,1
italy,Third quintile,Yes,1
italy,Third quintile,Yes,1
italy,Second quintile,Yes,1
italy,Fifth quintile,Yes,1
italy,Fourth quintile,Yes,1
italy,Fifth quintile,Yes,1
italy,Prefer not to answer,Yes,1
italy,Fifth quintile,Yes,1
italy,Third quintile,Yes,1
italy,Fifth quintile,Yes,1
italy,Second quintile,Yes,1
italy,Fifth quintile,Yes,1
italy,Fifth quintile,Yes,1
italy,First quintile ,Yes,0
italy,Fifth quintile,Yes,1
italy,Third quintile,Yes,1
italy,First quintile ,No,1
italy,Fourth quintile,Yes,1
italy,First quintile ,Yes,1
italy,Second quintile,Yes,1
italy,Fourth quintile,Yes,1
italy,Fifth quintile,Yes,1
italy,Fourth quintile,Yes,1
italy,Fifth quintile,No,1
italy,Fifth quintile,Yes,1
italy,Fifth quintile,Yes,1
italy,First quintile ,Yes,1
italy,Second quintile,Yes,1
italy,First quintile ,No,1
italy,Third quintile,Yes,1
italy,Third quintile,Yes,1
italy,Second quintile,Yes,1
italy,Second quintile,Yes,0
italy,First quintile ,Yes,0
italy,Second quintile,Yes,1
italy,Second quintile,Yes,1
italy,Fifth quintile,Yes,1
italy,Fourth quintile,No,1
italy,Second quintile,Yes,1
italy,Third quintile,Yes,1
italy,Fifth quintile,Yes,1
italy,Fifth quintile,Yes,1
italy,Fifth quintile,Yes,1
italy,Second quintile,Yes,1
italy,First quintile ,Yes,1
italy,Fourth quintile,Yes,1
italy,Fourth quintile,Yes,1
italy,Second quintile,Yes,1
italy,Prefer not to answer,Yes,1
italy,Second quintile,Yes,1
italy,Fourth quintile,Yes,1
italy,Third quintile,Yes,1
italy,Fourth quintile,Yes,1
italy,Second quintile,Yes,1
italy,Fifth quintile,Yes,1
italy,Fifth quintile,Yes,1
italy,Fourth quintile,Yes,1
italy,Fourth quintile,Yes,1
italy,Fourth quintile,Yes,1
italy,First quintile ,No,1
italy,Second quintile,No,1
italy,First quintile ,Yes,1
italy,Second quintile,Yes,1
italy,Third quintile,Yes,1
italy,Fourth quintile,No,1
italy,Fourth quintile,Yes,1
italy,Fourth quintile,Yes,1
italy,Second quintile,Yes,1
italy,Second quintile,Yes,1
italy,Second quintile,Yes,1
italy,Fourth quintile,Yes,1
italy,Fifth quintile,Yes,1
italy,Third quintile,Yes,1
italy,Fourth quintile,Yes,1
italy,Fifth quintile,Yes,1
italy,Fourth quintile,No,1
italy,Fourth quintile,Yes,1
italy,Fifth quintile,Yes,1
italy,Second quintile,Yes,1
italy,Second quintile,Yes,1
italy,First quintile ,Yes,1
italy,Third quintile,Yes,1
italy,Third quintile,No,1
italy,Fourth quintile,Yes,1
italy,Fourth quintile,Yes,1
italy,Third quintile,Yes,1
italy,Second quintile,Yes,1
italy,Fifth quintile,Yes,1
italy,Fifth quintile,Yes,1
italy,Fourth quintile,Yes,1
italy,Fifth quintile,Yes,1
italy,Fifth quintile,Yes,1
italy,First quintile ,Yes,1
italy,Fifth quintile,Yes,1
italy,Fourth quintile,Yes,1
italy,Third quintile,Yes,1
italy,First quintile ,Yes,1
italy,Fourth quintile,No,1
italy,First quintile ,Yes,1
italy,Fifth quintile,Yes,1
italy,Fourth quintile,Yes,1
italy,Third quintile,Yes,1
italy,Fourth quintile,Yes,1
italy,Fifth quintile,Yes,1
italy,Fifth quintile,Yes,1
italy,Fourth quintile,Yes,1
italy,First quintile ,Yes,1
italy,Fifth quintile,Yes,1
italy,Fifth quintile,Yes,1
italy,Fourth quintile,Yes,1
italy,Third quintile,Yes,1
italy,First quintile ,Yes,1
italy,Second quintile,Yes,1
italy,Fourth quintile,Yes,1
italy,Second quintile,Yes,1
italy,Fourth quintile,Yes,1
italy,Fifth quintile,Yes,1
italy,Fourth quintile,Yes,1
italy,Second quintile,Yes,1
italy,First quintile ,Yes,0
italy,Fifth quintile,Yes,1
italy,Third quintile,Yes,1
italy,Fourth quintile,Yes,1
italy,Prefer not to answer,Yes,1
italy,Prefer not to answer,Yes,1
italy,First quintile ,Yes,1
italy,Third quintile,Yes,1
italy,Fifth quintile,Yes,1
italy,Third quintile,No,1
italy,Fourth quintile,Yes,1
italy,Fourth quintile,Yes,1
italy,Third quintile,Yes,1
italy,First quintile ,Yes,1
italy,Third quintile,Yes,1
italy,Third quintile,Yes,1
italy,Fourth quintile,Yes,1
italy,Prefer not to answer,Yes,1
italy,Fourth quintile,Yes,1
italy,Second quintile,No,1
italy,Fourth quintile,Yes,1
italy,Third quintile,Yes,1
italy,First quintile ,No,1
italy,Third quintile,Yes,1
italy,Prefer not to answer,Yes,1
italy,Fifth quintile,Yes,1
italy,Fifth quintile,Yes,1
italy,Third quintile,Yes,1
italy,Fifth quintile,Yes,1
italy,Third quintile,Yes,1
italy,First quintile ,Yes,1
italy,Fourth quintile,Yes,1
italy,Prefer not to answer,Yes,1
italy,Fourth quintile,Yes,1
italy,First quintile ,Yes,1
italy,Prefer not to answer,Yes,0
italy,Third quintile,Yes,1
italy,Third quintile,No,1
italy,Fifth quintile,Yes,1
italy,Fourth quintile,Yes,1
italy,Second quintile,Yes,1
italy,Fifth quintile,Yes,1
italy,Second quintile,No,1
italy,Fourth quintile,Yes,1
italy,Fourth quintile,Yes,1
italy,Fourth quintile,Yes,1
italy,Fourth quintile,Yes,1
italy,Fourth quintile,Yes,1
italy,Fourth quintile,Yes,1
italy,Third quintile,Yes,1
italy,Fifth quintile,Yes,1
italy,Fourth quintile,Yes,1
italy,Fifth quintile,Yes,1
italy,Third quintile,Yes,1
italy,Fifth quintile,Yes,1
italy,Fourth quintile,Yes,1
italy,Second quintile,Yes,1
italy,Fifth quintile,Yes,1
italy,Fourth quintile,Yes,1
italy,Third quintile,Yes,1
italy,Fourth quintile,Yes,1
italy,First quintile ,Yes,1
italy,Second quintile,Yes,1
italy,Fourth quintile,Yes,1
italy,First quintile ,Yes,1
italy,First quintile ,Yes,1
italy,Fourth quintile,Yes,1
italy,Second quintile,Yes,1
italy,First quintile ,Yes,0
italy,Fourth quintile,Yes,1
italy,Third quintile,Yes,1
italy,First quintile ,No,1
italy,Third quintile,Yes,1
italy,Fourth quintile,Yes,1
italy,Third quintile,Yes,1
italy,Second quintile,Yes,1
italy,Fourth quintile,Yes,1
italy,Second quintile,Yes,1
italy,Fifth quintile,Yes,1
italy,Third quintile,Yes,1
italy,Third quintile,Yes,1
italy,First quintile ,Yes,1
italy,Second quintile,No,1
italy,Fourth quintile,Yes,1
italy,Fourth quintile,Yes,1
italy,Fourth quintile,Yes,1
italy,Fourth quintile,Yes,1
italy,Fourth quintile,Yes,1
italy,Fourth quintile,Yes,1
italy,Third quintile,Yes,1
italy,First quintile ,Yes,1
italy,Third quintile,Yes,1
italy,First quintile ,Yes,1
italy,First quintile ,No,0
italy,Third quintile,Yes,1
italy,Fourth quintile,No,1
italy,First quintile ,Yes,1
italy,Fourth quintile,Yes,1
italy,Second quintile,Yes,1
italy,Third quintile,Yes,1
italy,Second quintile,Yes,1
italy,Fourth quintile,Yes,1
italy,First quintile ,Yes,1
italy,Third quintile,Yes,1
italy,Second quintile,Yes,1
italy,Second quintile,Yes,1
italy,Second quintile,Yes,1
italy,Third quintile,Yes,1
italy,Third quintile,Yes,1
italy,Third quintile,Yes,1
italy,Fourth quintile,No,1
italy,Third quintile,Yes,1
italy,Fifth quintile,Yes,1
italy,Third quintile,Yes,1
italy,Second quintile,Yes,1
italy,Fifth quintile,No,1
italy,Third quintile,Yes,1
italy,Second quintile,Yes,1
italy,Second quintile,Yes,0
italy,Third quintile,Yes,1
italy,Fourth quintile,Yes,1
italy,Second quintile,Yes,1
italy,Second quintile,Yes,1
italy,Second quintile,Yes,1
italy,First quintile ,No,0
italy,Fourth quintile,Yes,1
italy,Third quintile,Yes,1
italy,First quintile ,Yes,1
italy,Second quintile,No,1
italy,First quintile ,No,1
italy,First quintile ,Yes,1
italy,Fourth quintile,Yes,1
italy,Second quintile,Yes,1
italy,First quintile ,Yes,1
italy,Third quintile,Yes,1
italy,First quintile ,No,1
italy,Third quintile,No,0
italy,Fourth quintile,Yes,1
italy,Fifth quintile,Yes,1
italy,Third quintile,Yes,1
italy,Fourth quintile,Yes,1
italy,Fourth quintile,Yes,1
italy,Fourth quintile,Yes,1
italy,First quintile ,Yes,1
italy,Fourth quintile,Yes,1
italy,Fourth quintile,Yes,1
italy,First quintile ,Yes,1
italy,Second quintile,Yes,1
italy,Fifth quintile,Yes,1
italy,First quintile ,Yes,1
italy,Fourth quintile,Yes,1
italy,Third quintile,No,1
italy,Fourth quintile,Yes,1
italy,Prefer not to answer,Yes,1
italy,Second quintile,Yes,1
italy,First quintile ,No,1
italy,Third quintile,No,1
italy,First quintile ,Yes,1
italy,First quintile ,Yes,1
italy,Second quintile,Yes,1
italy,Second quintile,Yes,1
italy,Fourth quintile,Yes,1
italy,Second quintile,Yes,1
italy,Third quintile,Yes,1
italy,First quintile ,Yes,1
italy,Third quintile,Yes,1
italy,Second quintile,Yes,1
italy,Fifth quintile,Yes,1
italy,First quintile ,Yes,1
italy,Fifth quintile,Yes,1
italy,Fourth quintile,Yes,1
italy,Second quintile,Yes,1
italy,Fifth quintile,Yes,1
italy,Third quintile,Yes,1
italy,Fourth quintile,Yes,1
italy,Third quintile,Yes,1
italy,Fourth quintile,Yes,1
italy,Second quintile,No,1
italy,Fourth quintile,Yes,1
italy,Fourth quintile,Yes,1
italy,First quintile ,Yes,1
italy,Fourth quintile,Yes,1
italy,Fifth quintile,Yes,1
italy,Fourth quintile,Yes,1
italy,Third quintile,No,1
italy,Fifth quintile,Yes,1
italy,Second quintile,Yes,1
italy,Third quintile,Yes,1
italy,First quintile ,Yes,1
italy,First quintile ,Yes,1
italy,First quintile ,Yes,1
italy,Third quintile,Yes,1
italy,Third quintile,No,1
italy,First quintile ,No,1
italy,Third quintile,Yes,1
italy,Fifth quintile,Yes,1
italy,Third quintile,Yes,1
italy,First quintile ,No,1
italy,Fourth quintile,Yes,1
italy,Fifth quintile,Yes,1
italy,Third quintile,Yes,1
italy,Second quintile,Yes,1
italy,Second quintile,Yes,1
italy,First quintile ,Yes,1
italy,Fourth quintile,Yes,1
italy,Fourth quintile,Yes,1
italy,First quintile ,Yes,1
italy,Second quintile,Yes,1
italy,Fifth quintile,Yes,1
italy,Fourth quintile,Yes,1
italy,Prefer not to answer,Yes,1
italy,Third quintile,Yes,1
italy,Second quintile,Yes,1
italy,Third quintile,Yes,0
italy,First quintile ,Yes,1
italy,Fourth quintile,Yes,1
italy,First quintile ,Yes,1
italy,Second quintile,Yes,1
italy,Second quintile,Yes,1
italy,First quintile ,Yes,1
italy,First quintile ,No,1
italy,Fourth quintile,Yes,1
italy,First quintile ,No,1
italy,First quintile ,Yes,1
italy,Fourth quintile,Yes,1
italy,Third quintile,Yes,1
italy,Third quintile,Yes,1
italy,Fourth quintile,Yes,1
italy,Second quintile,No,1
italy,Fifth quintile,Yes,1
italy,Second quintile,No,1
italy,Third quintile,Yes,1
italy,Fourth quintile,Yes,1
italy,Fifth quintile,Yes,1
italy,Fourth quintile,Yes,1
italy,Prefer not to answer,Yes,1
italy,Second quintile,Yes,1
italy,First quintile ,Yes,1
italy,Third quintile,No,1
italy,Fifth quintile,Yes,1
italy,Fifth quintile,Yes,1
italy,Third quintile,Yes,1
italy,First quintile ,Yes,1
italy,First quintile ,Yes,1
italy,First quintile ,Yes,1
italy,Fifth quintile,Yes,0
italy,Fourth quintile,Yes,1
italy,First quintile ,Yes,1
italy,First quintile ,Yes,1
italy,Second quintile,Yes,1
italy,First quintile ,Yes,1
italy,Fifth quintile,No,1
italy,Fourth quintile,Yes,1
italy,First quintile ,Yes,1
italy,Second quintile,Yes,1
italy,Second quintile,Yes,1
italy,Fifth quintile,Yes,1
italy,First quintile ,Yes,1
italy,Third quintile,Yes,1
italy,First quintile ,Yes,1
italy,Fifth quintile,No,1
italy,Fourth quintile,Yes,1
italy,Fifth quintile,Yes,1
italy,Second quintile,Yes,1
italy,Fourth quintile,Yes,1
italy,Second quintile,Yes,1
italy,Third quintile,Yes,1
italy,First quintile ,Yes,1
italy,Third quintile,Yes,1
italy,First quintile ,Yes,1
italy,First quintile ,Yes,1
italy,Fourth quintile,Yes,1
italy,First quintile ,Yes,0
italy,First quintile ,Yes,1
italy,First quintile ,Yes,1
italy,Fourth quintile,Yes,1
italy,Fifth quintile,Yes,1
italy,Fourth quintile,Yes,1
italy,Third quintile,Yes,1
italy,Second quintile,Yes,1
italy,First quintile ,Yes,1
italy,Third quintile,Yes,1
italy,First quintile ,Yes,1
italy,Prefer not to answer,Yes,1
italy,Second quintile,No,1
italy,Fifth quintile,Yes,1
italy,Fourth quintile,Yes,1
italy,Third quintile,Yes,1
italy,First quintile ,Yes,1
italy,First quintile ,Yes,1
italy,First quintile ,No,1
italy,Third quintile,Yes,1
italy,Third quintile,Yes,1
italy,Second quintile,Yes,1
italy,First quintile ,Yes,1
italy,First quintile ,Yes,1
italy,Fourth quintile,Yes,1
italy,First quintile ,Yes,1
italy,Third quintile,Yes,1
italy,Prefer not to answer,Yes,1
italy,Second quintile,Yes,1
italy,Second quintile,Yes,1
italy,Fourth quintile,Yes,1
italy,First quintile ,Yes,1
italy,Fourth quintile,Yes,1
italy,First quintile ,Yes,1
italy,Second quintile,No,0
italy,Fourth quintile,Yes,1
italy,Fifth quintile,Yes,1
italy,Third quintile,Yes,1
italy,Second quintile,Yes,1
italy,Fourth quintile,No,0
italy,Third quintile,Yes,1
italy,Fourth quintile,Yes,1
italy,Fourth quintile,Yes,1
italy,Third quintile,No,1
italy,Second quintile,No,1
italy,Fourth quintile,Yes,1
italy,First quintile ,Yes,1
italy,Fifth quintile,Yes,1
italy,Third quintile,No,1
italy,First quintile ,Yes,1
italy,Second quintile,Yes,1
italy,Fourth quintile,Yes,1
italy,Fifth quintile,Yes,1
italy,First quintile ,No,1
italy,Fourth quintile,Yes,1
italy,Fourth quintile,Yes,1
italy,Third quintile,Yes,1
italy,Fifth quintile,Yes,1
italy,Third quintile,Yes,1
italy,Third quintile,No,1
italy,Third quintile,Yes,1
italy,Prefer not to answer,Yes,1
italy,Fourth quintile,Yes,1
italy,Fourth quintile,Yes,1
italy,First quintile ,Yes,0
italy,Third quintile,Yes,1
italy,Fourth quintile,No,1
italy,First quintile ,Yes,1
italy,Second quintile,Yes,1
italy,Third quintile,Yes,1
italy,First quintile ,No,0
italy,First quintile ,Yes,1
italy,Fifth quintile,Yes,1
italy,Third quintile,Yes,1
italy,Second quintile,Yes,1
italy,Second quintile,Yes,1
italy,First quintile ,Yes,1
italy,Second quintile,Yes,1
italy,Fourth quintile,Yes,0
italy,Third quintile,Yes,1
italy,Second quintile,Yes,1
italy,Prefer not to answer,Yes,1
italy,Second quintile,Yes,1
italy,First quintile ,Yes,1
italy,Fourth quintile,Yes,1
italy,Fifth quintile,Yes,1
italy,Fourth quintile,Yes,1
italy,Fifth quintile,No,1
italy,Fourth quintile,Yes,1
italy,Third quintile,Yes,1
italy,Third quintile,Yes,1
italy,Third quintile,Yes,1
italy,Third quintile,Yes,1
italy,Third quintile,Yes,1
italy,Third quintile,Yes,1
italy,Third quintile,Yes,0
italy,Fourth quintile,Yes,1
italy,Third quintile,Yes,1
italy,Second quintile,Yes,1
italy,Third quintile,Yes,1
italy,Fourth quintile,Yes,0
italy,Third quintile,Yes,1
italy,Fifth quintile,Yes,1
italy,Fourth quintile,Yes,1
italy,Third quintile,No,1
italy,First quintile ,Yes,1
italy,Fifth quintile,Yes,1
italy,Second quintile,No,1
italy,First quintile ,Yes,1
italy,Second quintile,Yes,1
italy,Fourth quintile,No,1
italy,Fourth quintile,Yes,1
italy,First quintile ,Yes,1
italy,Third quintile,Yes,1
italy,Third quintile,Yes,1
italy,Fourth quintile,Yes,1
italy,First quintile ,Yes,1
italy,Prefer not to answer,Yes,1
italy,Third quintile,No,1
italy,Fourth quintile,Yes,1
italy,Fourth quintile,Yes,1
italy,Fourth quintile,Yes,1
italy,Fourth quintile,Yes,1
italy,First quintile ,Yes,1
italy,Fourth quintile,Yes,1
italy,Fourth quintile,Yes,1
italy,First quintile ,Yes,1
italy,Second quintile,Yes,1
italy,Fourth quintile,Yes,1
italy,Fourth quintile,Yes,1
italy,First quintile ,Yes,1
italy,Second quintile,Yes,1
italy,Fifth quintile,Yes,1
italy,Fifth quintile,Yes,1
italy,Fifth quintile,Yes,1
italy,First quintile ,Yes,1
italy,Fourth quintile,Yes,1
italy,First quintile ,Yes,1
italy,First quintile ,Yes,1
italy,First quintile ,Yes,1
italy,Fourth quintile,Yes,1
italy,Second quintile,Yes,0
italy,Fourth quintile,Yes,1
italy,Fourth quintile,Yes,1
italy,Fifth quintile,Yes,1
italy,Fourth quintile,Yes,1
italy,Fifth quintile,Yes,1
italy,Third quintile,Yes,1
italy,First quintile ,Yes,1
italy,Fifth quintile,Yes,1
italy,Third quintile,Yes,1
italy,Third quintile,Yes,1
italy,Fifth quintile,Yes,1
italy,Third quintile,Yes,1
italy,Third quintile,Yes,1
italy,First quintile ,No,0
italy,Third quintile,Yes,1
italy,Second quintile,Yes,1
italy,Fourth quintile,Yes,1
italy,Fourth quintile,Yes,1
italy,Third quintile,No,1
italy,Fifth quintile,Yes,1
italy,Fourth quintile,Yes,1
italy,Fourth quintile,Yes,1
italy,Third quintile,Yes,1
italy,Third quintile,Yes,1
italy,Fourth quintile,Yes,1
italy,Prefer not to answer,Yes,1
italy,Fifth quintile,Yes,1
italy,Second quintile,Yes,1
italy,Third quintile,Yes,1
italy,Fourth quintile,Yes,1
italy,Fifth quintile,Yes,1
italy,First quintile ,Yes,1
italy,Third quintile,Yes,1
italy,Second quintile,Yes,1
italy,Second quintile,Yes,1
italy,Fourth quintile,Yes,1
italy,Prefer not to answer,Yes,1
italy,Third quintile,Yes,1
italy,Second quintile,Yes,1
italy,Fourth quintile,Yes,1
italy,Second quintile,Yes,1
italy,Fifth quintile,No,1
italy,Fourth quintile,Yes,1
italy,Fifth quintile,Yes,1
italy,Fourth quintile,Yes,1
italy,Third quintile,Yes,1
italy,Second quintile,Yes,1
italy,Second quintile,Yes,0
italy,Fourth quintile,Yes,1
italy,Second quintile,Yes,1
italy,Second quintile,Yes,1
italy,Third quintile,Yes,1
italy,Fourth quintile,Yes,1
italy,Fifth quintile,Yes,1
italy,Third quintile,Yes,1
italy,Fourth quintile,Yes,1
italy,Third quintile,Yes,1
italy,Third quintile,Yes,1
italy,Fourth quintile,Yes,1
japan,First quintile ,No,1
japan,Fourth quintile,Yes,1
japan,Fifth quintile,Yes,1
japan,Third quintile,No,1
japan,Fifth quintile,Yes,1
japan,Fourth quintile,Yes,1
japan,Fourth quintile,Yes,1
japan,Second quintile,Yes,0
japan,Third quintile,No,1
japan,First quintile ,No,1
japan,Third quintile,Yes,1
japan,Third quintile,Yes,1
japan,Third quintile,Yes,0
japan,Fifth quintile,No,1
japan,Third quintile,Yes,1
japan,Fourth quintile,No,1
japan,Third quintile,Yes,1
japan,Third quintile,Yes,1
japan,Fourth quintile,No,1
japan,Third quintile,Yes,1
japan,Third quintile,Yes,1
japan,Fourth quintile,Yes,1
japan,Third quintile,Yes,1
japan,Fourth quintile,Yes,1
japan,Fifth quintile,No,1
japan,First quintile ,No,0
japan,First quintile ,Yes,0
japan,Second quintile,No,1
japan,Fourth quintile,Yes,1
japan,Second quintile,Yes,1
japan,Prefer not to answer,No,1
japan,Fourth quintile,Yes,1
japan,Third quintile,Yes,0
japan,Fifth quintile,Yes,1
japan,Second quintile,Yes,1
japan,First quintile ,No,1
japan,First quintile ,Yes,1
japan,Second quintile,Yes,1
japan,First quintile ,No,0
japan,Fourth quintile,Yes,0
japan,First quintile ,Yes,1
japan,Fifth quintile,Yes,1
japan,Fifth quintile,Yes,1
japan,Second quintile,Yes,1
japan,Fifth quintile,Yes,1
japan,First quintile ,Yes,1
japan,First quintile ,Yes,1
japan,Second quintile,Yes,0
japan,First quintile ,No,1
japan,First quintile ,Yes,1
japan,Prefer not to answer,No,1
japan,Fourth quintile,Yes,1
japan,Third quintile,Yes,0
japan,Third quintile,Yes,1
japan,First quintile ,No,1
japan,Fourth quintile,Yes,1
japan,Prefer not to answer,Yes,1
japan,First quintile ,No,1
japan,First quintile ,Yes,1
japan,First quintile ,Yes,0
japan,First quintile ,Yes,1
japan,First quintile ,Yes,1
japan,Third quintile,Yes,0
japan,Fifth quintile,Yes,1
japan,Prefer not to answer,Yes,1
japan,Third quintile,Yes,1
japan,Third quintile,No,1
japan,Third quintile,No,0
japan,First quintile ,No,1
japan,Second quintile,Yes,0
japan,First quintile ,Yes,1
japan,Second quintile,Yes,1
japan,Fourth quintile,Yes,1
japan,Fifth quintile,No,1
japan,First quintile ,Yes,1
japan,Fifth quintile,Yes,1
japan,Second quintile,Yes,0
japan,Fourth quintile,Yes,1
japan,First quintile ,Yes,1
japan,First quintile ,No,0
japan,First quintile ,Yes,1
japan,Second quintile,Yes,1
japan,First quintile ,Yes,0
japan,First quintile ,No,0
japan,Fourth quintile,Yes,1
japan,First quintile ,Yes,1
japan,Third quintile,No,0
japan,Fourth quintile,Yes,0
japan,First quintile ,No,0
japan,Fourth quintile,Yes,0
japan,Fourth quintile,Yes,1
japan,First quintile ,Yes,0
japan,Fourth quintile,Yes,1
japan,Second quintile,Yes,1
japan,Second quintile,Yes,0
japan,Fifth quintile,Yes,1
japan,Fourth quintile,Yes,1
japan,Third quintile,Yes,1
japan,First quintile ,Yes,1
japan,Fourth quintile,Yes,1
japan,Fifth quintile,No,1
japan,Second quintile,Yes,1
japan,Fourth quintile,Yes,1
japan,Second quintile,Yes,1
japan,Second quintile,Yes,0
japan,Fourth quintile,Yes,0
japan,Third quintile,Yes,0
japan,First quintile ,Yes,1
japan,Fourth quintile,Yes,1
japan,Fifth quintile,Yes,1
japan,Third quintile,Yes,1
japan,First quintile ,Yes,1
japan,Second quintile,Yes,1
japan,First quintile ,Yes,1
japan,Fifth quintile,Yes,1
japan,Third quintile,Yes,0
japan,Fourth quintile,Yes,1
japan,Fourth quintile,No,1
japan,First quintile ,No,0
japan,Second quintile,Yes,1
japan,Third quintile,Yes,0
japan,First quintile ,Yes,1
japan,Third quintile,Yes,1
japan,Third quintile,Yes,1
japan,Third quintile,Yes,0
japan,First quintile ,Yes,0
japan,Fourth quintile,Yes,0
japan,Prefer not to answer,Yes,1
japan,Third quintile,Yes,0
japan,Fourth quintile,No,1
japan,Fourth quintile,Yes,1
japan,First quintile ,Yes,1
japan,Fourth quintile,Yes,1
japan,Fourth quintile,Yes,0
japan,Third quintile,Yes,1
japan,Third quintile,Yes,1
japan,First quintile ,Yes,1
japan,Fifth quintile,Yes,1
japan,Fourth quintile,Yes,1
japan,First quintile ,Yes,1
japan,Third quintile,Yes,1
japan,Fifth quintile,Yes,1
japan,Fourth quintile,Yes,0
japan,Fourth quintile,Yes,0
japan,Fourth quintile,Yes,1
japan,Fourth quintile,Yes,1
japan,Fifth quintile,No,1
japan,Fifth quintile,Yes,1
japan,Fourth quintile,No,1
japan,Third quintile,No,1
japan,Fourth quintile,Yes,1
japan,Third quintile,Yes,1
japan,First quintile ,Yes,0
japan,Third quintile,Yes,1
japan,First quintile ,Yes,1
japan,Fifth quintile,Yes,1
japan,Third quintile,No,1
japan,First quintile ,Yes,1
japan,Third quintile,Yes,0
japan,Prefer not to answer,Yes,1
japan,Fourth quintile,Yes,1
japan,Second quintile,Yes,1
japan,Third quintile,No,1
japan,Third quintile,Yes,1
japan,Third quintile,Yes,1
japan,Fourth quintile,Yes,1
japan,Second quintile,No,1
japan,First quintile ,Yes,1
japan,Second quintile,Yes,1
japan,Fifth quintile,Yes,1
japan,First quintile ,Yes,0
japan,Second quintile,Yes,1
japan,Fourth quintile,Yes,1
japan,First quintile ,Yes,1
japan,First quintile ,Yes,1
japan,Second quintile,No,0
japan,Prefer not to answer,Yes,1
japan,Second quintile,Yes,1
japan,First quintile ,Yes,1
japan,Third quintile,Yes,1
japan,Second quintile,No,1
japan,Second quintile,No,1
japan,Third quintile,Yes,1
japan,Second quintile,No,1
japan,Fourth quintile,Yes,0
japan,Prefer not to answer,Yes,0
japan,Second quintile,No,1
japan,Third quintile,No,1
japan,First quintile ,Yes,1
japan,Second quintile,Yes,1
japan,Third quintile,No,1
japan,Third quintile,Yes,0
japan,Third quintile,No,1
japan,Third quintile,Yes,1
japan,Fifth quintile,No,1
japan,Prefer not to answer,No,1
japan,Fourth quintile,No,1
japan,Fifth quintile,Yes,1
japan,Fourth quintile,Yes,1
japan,First quintile ,Yes,1
japan,Third quintile,No,1
japan,First quintile ,Yes,1
japan,Fifth quintile,Yes,1
japan,First quintile ,Yes,1
japan,Fourth quintile,Yes,0
japan,Third quintile,Yes,1
japan,Third quintile,Yes,0
japan,Third quintile,Yes,1
japan,Fifth quintile,Yes,1
japan,Second quintile,No,1
japan,First quintile ,Yes,1
japan,Third quintile,Yes,1
japan,Second quintile,Yes,1
japan,Third quintile,Yes,1
japan,Fourth quintile,Yes,1
japan,First quintile ,Yes,1
japan,First quintile ,Yes,0
japan,First quintile ,No,1
japan,Second quintile,No,1
japan,First quintile ,Yes,1
japan,Third quintile,Yes,1
japan,Prefer not to answer,No,0
japan,First quintile ,Yes,1
japan,Second quintile,No,0
japan,First quintile ,No,0
japan,Fifth quintile,No,0
japan,First quintile ,Yes,1
japan,Third quintile,No,1
japan,First quintile ,Yes,0
japan,Fourth quintile,No,1
japan,Third quintile,Yes,0
japan,Second quintile,Yes,1
japan,First quintile ,Yes,1
japan,First quintile ,Yes,0
japan,Third quintile,Yes,0
japan,Second quintile,Yes,1
japan,Second quintile,No,0
japan,First quintile ,Yes,0
japan,Prefer not to answer,No,1
japan,Fourth quintile,No,1
japan,Third quintile,Yes,0
japan,Third quintile,Yes,1
japan,Fifth quintile,No,1
japan,Second quintile,Yes,1
japan,Second quintile,Yes,1
japan,Second quintile,No,0
japan,Second quintile,Yes,0
japan,Fourth quintile,Yes,1
japan,Third quintile,No,0
japan,Third quintile,No,0
japan,Third quintile,Yes,1
japan,Second quintile,Yes,1
japan,First quintile ,Yes,1
japan,Fourth quintile,Yes,0
japan,Fourth quintile,Yes,1
japan,First quintile ,Yes,0
japan,Fourth quintile,Yes,0
japan,Third quintile,No,1
japan,Fourth quintile,Yes,0
japan,Fourth quintile,Yes,1
japan,Second quintile,Yes,1
japan,Fifth quintile,Yes,1
japan,Fifth quintile,Yes,1
japan,First quintile ,Yes,1
japan,First quintile ,Yes,1
japan,Fourth quintile,Yes,1
japan,First quintile ,Yes,1
japan,First quintile ,Yes,1
japan,Fifth quintile,Yes,1
japan,First quintile ,No,0
japan,Fourth quintile,No,1
japan,Third quintile,No,1
japan,Second quintile,No,0
japan,Third quintile,No,1
japan,Second quintile,Yes,1
japan,Third quintile,No,1
japan,First quintile ,No,1
japan,First quintile ,Yes,0
japan,Fourth quintile,Yes,0
japan,Second quintile,No,1
japan,First quintile ,Yes,0
japan,Third quintile,Yes,0
japan,First quintile ,Yes,0
japan,Fifth quintile,Yes,1
japan,Third quintile,Yes,0
japan,Second quintile,Yes,1
japan,Second quintile,Yes,1
japan,Third quintile,Yes,1
japan,Second quintile,Yes,1
japan,First quintile ,Yes,1
japan,First quintile ,No,1
japan,First quintile ,Yes,0
japan,Second quintile,No,1
japan,Second quintile,No,0
japan,Prefer not to answer,Yes,0
japan,Fourth quintile,No,1
japan,First quintile ,Yes,1
japan,First quintile ,Yes,0
japan,First quintile ,Yes,1
japan,First quintile ,Yes,1
japan,Fifth quintile,No,1
japan,Fourth quintile,Yes,1
japan,Fourth quintile,Yes,1
japan,Fourth quintile,Yes,1
japan,Third quintile,Yes,1
japan,Second quintile,No,1
japan,Fourth quintile,Yes,1
japan,Fourth quintile,Yes,0
japan,Fourth quintile,Yes,1
japan,Second quintile,Yes,1
japan,Fourth quintile,Yes,0
japan,Fourth quintile,Yes,1
japan,Fourth quintile,Yes,0
japan,Second quintile,Yes,1
japan,Third quintile,Yes,0
japan,First quintile ,No,0
japan,Fifth quintile,Yes,1
japan,Second quintile,Yes,1
japan,Fourth quintile,Yes,1
japan,Third quintile,No,1
japan,Fourth quintile,Yes,1
japan,Second quintile,Yes,1
japan,Fourth quintile,Yes,1
japan,First quintile ,Yes,1
japan,Third quintile,Yes,1
japan,Second quintile,Yes,1
japan,Second quintile,Yes,1
japan,Fifth quintile,Yes,1
japan,Fifth quintile,No,1
japan,First quintile ,Yes,0
japan,Third quintile,Yes,1
japan,Second quintile,Yes,1
japan,Second quintile,Yes,1
japan,Second quintile,Yes,1
japan,Second quintile,Yes,1
japan,Fourth quintile,Yes,1
japan,Prefer not to answer,Yes,1
japan,Fifth quintile,Yes,1
japan,Third quintile,Yes,1
japan,Third quintile,Yes,1
japan,Second quintile,No,1
japan,Third quintile,Yes,1
japan,Fourth quintile,Yes,0
japan,Fourth quintile,Yes,1
japan,Second quintile,No,1
japan,Second quintile,Yes,1
japan,First quintile ,Yes,1
japan,Third quintile,Yes,1
japan,Fifth quintile,No,1
japan,Fourth quintile,Yes,1
japan,First quintile ,No,1
japan,Second quintile,Yes,1
japan,Third quintile,Yes,1
japan,Fourth quintile,Yes,1
japan,Second quintile,No,1
japan,Second quintile,Yes,0
japan,Prefer not to answer,Yes,1
japan,First quintile ,Yes,0
japan,Fourth quintile,Yes,1
japan,Third quintile,Yes,1
japan,Third quintile,Yes,1
japan,Fourth quintile,Yes,1
japan,Third quintile,Yes,1
japan,First quintile ,Yes,1
japan,Fifth quintile,Yes,1
japan,First quintile ,Yes,1
japan,Third quintile,Yes,1
japan,Third quintile,Yes,1
japan,First quintile ,Yes,1
japan,Second quintile,Yes,1
japan,Second quintile,Yes,1
japan,First quintile ,Yes,1
japan,Prefer not to answer,Yes,1
japan,Second quintile,Yes,1
japan,Third quintile,Yes,0
japan,Second quintile,Yes,1
japan,Second quintile,Yes,1
japan,Second quintile,No,1
japan,Second quintile,No,1
japan,First quintile ,No,1
japan,First quintile ,Yes,0
japan,Second quintile,Yes,1
japan,Fifth quintile,Yes,1
japan,Third quintile,No,1
japan,Fifth quintile,No,1
japan,Fifth quintile,Yes,1
japan,Fifth quintile,Yes,1
japan,Third quintile,No,1
japan,First quintile ,Yes,1
japan,Fifth quintile,Yes,1
japan,Second quintile,Yes,0
japan,First quintile ,No,1
japan,First quintile ,Yes,0
japan,Third quintile,Yes,1
japan,Second quintile,Yes,0
japan,Second quintile,Yes,1
japan,Second quintile,No,0
japan,Second quintile,Yes,1
japan,First quintile ,Yes,1
japan,Second quintile,Yes,1
japan,Fourth quintile,Yes,0
japan,Second quintile,Yes,0
japan,First quintile ,Yes,1
japan,Second quintile,Yes,1
japan,First quintile ,Yes,1
japan,First quintile ,Yes,1
japan,Second quintile,Yes,1
japan,Fifth quintile,Yes,1
japan,Third quintile,Yes,1
japan,Second quintile,No,1
japan,Third quintile,Yes,1
japan,Fourth quintile,Yes,0
japan,Second quintile,Yes,1
japan,Fourth quintile,Yes,0
japan,Fourth quintile,Yes,1
japan,Third quintile,No,0
japan,Fourth quintile,Yes,1
japan,Fourth quintile,Yes,1
japan,Fifth quintile,Yes,1
japan,Prefer not to answer,No,1
japan,Third quintile,Yes,1
japan,Second quintile,No,1
japan,First quintile ,Yes,1
japan,Fifth quintile,No,1
japan,Third quintile,No,1
japan,Fourth quintile,Yes,1
japan,First quintile ,Yes,1
japan,First quintile ,No,1
japan,First quintile ,Yes,0
japan,Third quintile,Yes,1
japan,Second quintile,Yes,1
japan,Fifth quintile,Yes,1
japan,Second quintile,Yes,1
japan,Third quintile,No,1
japan,Fourth quintile,Yes,1
japan,Fifth quintile,Yes,1
japan,Second quintile,Yes,0
japan,Third quintile,Yes,1
japan,First quintile ,Yes,0
japan,Fourth quintile,Yes,1
japan,Fourth quintile,Yes,1
japan,First quintile ,Yes,1
japan,Fifth quintile,Yes,1
japan,First quintile ,Yes,1
japan,Second quintile,Yes,1
japan,Fourth quintile,Yes,1
japan,Fourth quintile,Yes,1
japan,Second quintile,No,0
japan,Second quintile,Yes,0
japan,Second quintile,Yes,1
japan,Fifth quintile,Yes,1
japan,Second quintile,Yes,1
japan,First quintile ,No,1
japan,First quintile ,Yes,1
japan,Fourth quintile,Yes,0
japan,Fourth quintile,No,1
japan,First quintile ,Yes,0
japan,Third quintile,Yes,1
japan,Fourth quintile,Yes,0
japan,Third quintile,No,1
japan,Third quintile,No,1
japan,Third quintile,Yes,1
japan,Fifth quintile,Yes,1
japan,Third quintile,Yes,1
japan,Second quintile,Yes,0
japan,Third quintile,Yes,1
japan,Second quintile,Yes,0
japan,First quintile ,Yes,1
japan,Fifth quintile,Yes,1
japan,Fourth quintile,Yes,1
japan,Second quintile,Yes,0
japan,Fifth quintile,Yes,1
japan,Fifth quintile,Yes,1
japan,Second quintile,Yes,1
japan,Fourth quintile,Yes,1
japan,Fifth quintile,Yes,1
japan,Fourth quintile,Yes,1
japan,Third quintile,Yes,1
japan,First quintile ,No,1
japan,Third quintile,Yes,1
japan,Fourth quintile,Yes,1
japan,Fifth quintile,Yes,1
japan,Second quintile,Yes,1
japan,Fourth quintile,Yes,1
japan,Third quintile,Yes,0
japan,Prefer not to answer,No,0
japan,Second quintile,Yes,0
japan,Third quintile,No,1
japan,Fifth quintile,Yes,1
japan,Fifth quintile,Yes,1
japan,Second quintile,Yes,1
japan,Fifth quintile,No,1
japan,Second quintile,No,1
japan,Fifth quintile,Yes,1
japan,Fifth quintile,No,1
japan,Second quintile,Yes,0
japan,First quintile ,Yes,1
japan,Fifth quintile,No,1
japan,Second quintile,Yes,1
japan,Fifth quintile,Yes,1
japan,Fifth quintile,No,1
japan,Second quintile,No,1
japan,First quintile ,Yes,0
japan,Fifth quintile,Yes,1
japan,Fourth quintile,Yes,1
japan,Fifth quintile,Yes,1
japan,Fifth quintile,Yes,1
japan,Fourth quintile,Yes,1
japan,Third quintile,Yes,1
japan,Second quintile,Yes,1
japan,Third quintile,Yes,1
japan,Fourth quintile,Yes,1
japan,Second quintile,No,1
japan,Fifth quintile,Yes,1
japan,Prefer not to answer,Yes,0
japan,Second quintile,Yes,1
japan,First quintile ,Yes,1
japan,Fifth quintile,Yes,1
japan,Second quintile,Yes,1
japan,Second quintile,Yes,1
japan,Fifth quintile,Yes,1
japan,Second quintile,Yes,1
japan,First quintile ,Yes,0
japan,First quintile ,Yes,0
japan,First quintile ,Yes,1
japan,Third quintile,Yes,1
japan,Fifth quintile,Yes,1
japan,Fifth quintile,Yes,1
japan,Third quintile,No,0
japan,Third quintile,Yes,0
japan,Fourth quintile,Yes,1
japan,Third quintile,Yes,1
japan,Second quintile,No,1
japan,Third quintile,Yes,1
japan,Fourth quintile,Yes,1
japan,Second quintile,No,0
japan,Second quintile,Yes,1
japan,Fifth quintile,Yes,1
japan,Third quintile,Yes,1
japan,First quintile ,Yes,1
japan,Fifth quintile,No,1
japan,Fifth quintile,Yes,1
japan,First quintile ,No,1
japan,Third quintile,Yes,1
japan,Second quintile,Yes,1
japan,Third quintile,Yes,0
japan,Second quintile,Yes,0
japan,Prefer not to answer,Yes,1
japan,Fourth quintile,Yes,1
japan,Fifth quintile,Yes,1
japan,Fifth quintile,No,1
japan,Fourth quintile,No,0
japan,Third quintile,No,1
japan,Third quintile,Yes,1
japan,Fourth quintile,Yes,1
japan,Fifth quintile,Yes,1
japan,Fourth quintile,Yes,0
japan,Second quintile,No,1
japan,Third quintile,Yes,1
japan,Third quintile,Yes,1
japan,Fourth quintile,Yes,0
japan,Fifth quintile,Yes,1
japan,Fifth quintile,Yes,1
japan,Fifth quintile,Yes,1
japan,Second quintile,Yes,1
japan,Third quintile,No,1
japan,First quintile ,No,1
japan,First quintile ,Yes,1
japan,Fourth quintile,Yes,1
japan,Fifth quintile,No,1
japan,Second quintile,Yes,1
japan,Fifth quintile,Yes,1
japan,Third quintile,Yes,1
japan,Third quintile,Yes,0
japan,Fifth quintile,Yes,1
japan,Fourth quintile,Yes,1
japan,Third quintile,Yes,1
japan,Fifth quintile,No,1
japan,Second quintile,No,0
japan,Fifth quintile,Yes,1
japan,First quintile ,Yes,1
japan,First quintile ,No,0
japan,Fifth quintile,Yes,1
japan,Fifth quintile,Yes,1
japan,Fifth quintile,No,1
japan,Fourth quintile,No,1
japan,Second quintile,Yes,0
japan,Third quintile,No,1
japan,Third quintile,No,1
japan,Second quintile,Yes,1
japan,Fourth quintile,Yes,1
japan,Fifth quintile,No,1
japan,Second quintile,Yes,1
japan,Second quintile,Yes,0
japan,Third quintile,Yes,1
japan,First quintile ,Yes,1
japan,Fourth quintile,Yes,1
japan,Fourth quintile,Yes,1
japan,Third quintile,Yes,1
japan,Fourth quintile,Yes,1
japan,Fifth quintile,Yes,1
japan,Third quintile,Yes,1
japan,Third quintile,Yes,1
japan,Third quintile,Yes,1
japan,Third quintile,Yes,1
japan,Second quintile,Yes,1
japan,First quintile ,Yes,1
japan,Fourth quintile,Yes,1
japan,Fifth quintile,Yes,1
japan,First quintile ,No,0
japan,Third quintile,Yes,1
japan,Third quintile,No,1
japan,First quintile ,Yes,1
japan,Second quintile,Yes,1
japan,Fifth quintile,Yes,1
japan,Prefer not to answer,Yes,1
japan,Second quintile,No,1
japan,Fourth quintile,Yes,0
japan,Fourth quintile,Yes,1
japan,Second quintile,Yes,0
japan,Fourth quintile,Yes,1
japan,Fifth quintile,Yes,1
japan,Fifth quintile,Yes,1
japan,First quintile ,Yes,1
japan,Fourth quintile,No,1
japan,Second quintile,No,1
japan,Fifth quintile,Yes,1
japan,First quintile ,No,0
japan,Third quintile,Yes,1
japan,First quintile ,Yes,1
japan,Third quintile,Yes,0
japan,Third quintile,Yes,1
japan,First quintile ,Yes,0
japan,Fourth quintile,Yes,1
japan,Third quintile,Yes,1
japan,Third quintile,Yes,0
japan,Fifth quintile,Yes,1
japan,Third quintile,Yes,1
japan,Fifth quintile,Yes,1
japan,Third quintile,No,1
japan,Second quintile,No,1
japan,Fifth quintile,Yes,1
japan,Fifth quintile,Yes,1
japan,Second quintile,Yes,1
japan,Fourth quintile,Yes,1
japan,Fourth quintile,Yes,1
japan,Third quintile,Yes,0
japan,Fourth quintile,Yes,1
japan,First quintile ,Yes,1
japan,Fourth quintile,Yes,1
japan,Third quintile,Yes,1
japan,Second quintile,Yes,1
japan,Third quintile,Yes,0
japan,Second quintile,Yes,0
japan,Fourth quintile,Yes,1
japan,Third quintile,Yes,1
japan,Fifth quintile,Yes,1
japan,Prefer not to answer,No,1
japan,Fourth quintile,Yes,1
japan,First quintile ,Yes,1
japan,Fifth quintile,Yes,1
japan,Fourth quintile,Yes,1
japan,Third quintile,Yes,1
japan,Fifth quintile,Yes,1
japan,Fourth quintile,Yes,1
japan,Third quintile,Yes,1
japan,Third quintile,No,1
japan,First quintile ,Yes,1
japan,Fifth quintile,No,1
japan,Fourth quintile,No,1
japan,Fifth quintile,Yes,1
japan,Fifth quintile,Yes,1
japan,Fourth quintile,Yes,1
japan,Third quintile,Yes,0
japan,Second quintile,Yes,1
japan,Fourth quintile,No,0
japan,First quintile ,Yes,1
japan,Fifth quintile,Yes,1
japan,Fifth quintile,Yes,0
japan,Fourth quintile,Yes,1
japan,Third quintile,Yes,1
japan,Fifth quintile,Yes,1
japan,First quintile ,No,1
japan,Fourth quintile,Yes,1
japan,Fourth quintile,Yes,1
japan,First quintile ,Yes,1
japan,Fifth quintile,Yes,0
japan,Fourth quintile,Yes,1
japan,Third quintile,Yes,0
japan,First quintile ,No,1
japan,Second quintile,Yes,1
japan,Fourth quintile,Yes,1
japan,Fifth quintile,Yes,1
japan,First quintile ,Yes,0
japan,Third quintile,Yes,0
japan,Second quintile,Yes,0
japan,Third quintile,Yes,1
japan,First quintile ,Yes,1
japan,Fourth quintile,Yes,1
japan,Fifth quintile,Yes,1
japan,First quintile ,Yes,0
japan,Fifth quintile,Yes,1
japan,Fourth quintile,Yes,0
japan,Fourth quintile,Yes,1
japan,First quintile ,Yes,1
japan,First quintile ,Yes,0
japan,First quintile ,Yes,0
japan,Fifth quintile,Yes,1
japan,Second quintile,Yes,1
japan,Second quintile,Yes,1
japan,Fifth quintile,Yes,1
japan,Fifth quintile,No,1
japan,Fifth quintile,Yes,1
japan,Fifth quintile,Yes,1
japan,Second quintile,Yes,1
japan,Fourth quintile,Yes,1
japan,Second quintile,Yes,1
japan,First quintile ,Yes,1
japan,Fifth quintile,Yes,1
japan,Fifth quintile,Yes,1
japan,First quintile ,Yes,1
japan,Second quintile,Yes,1
japan,First quintile ,No,1
japan,Third quintile,Yes,1
japan,Third quintile,Yes,0
japan,Third quintile,Yes,1
japan,Prefer not to answer,Yes,1
japan,First quintile ,Yes,1
japan,Fifth quintile,Yes,1
japan,First quintile ,Yes,1
japan,First quintile ,Yes,1
japan,Fifth quintile,Yes,1
japan,Third quintile,Yes,1
japan,Fifth quintile,Yes,1
japan,First quintile ,Yes,1
japan,Fourth quintile,Yes,0
japan,Fourth quintile,Yes,1
japan,Fifth quintile,Yes,1
japan,Fifth quintile,No,0
japan,First quintile ,Yes,0
japan,Second quintile,No,1
japan,Fifth quintile,Yes,1
japan,Third quintile,No,1
japan,Third quintile,No,1
japan,Third quintile,Yes,0
japan,Fourth quintile,No,0
japan,Third quintile,No,1
japan,Fourth quintile,Yes,1
japan,First quintile ,No,1
japan,Third quintile,No,1
japan,Fifth quintile,Yes,1
japan,Fourth quintile,Yes,0
japan,First quintile ,Yes,1
japan,Third quintile,Yes,1
japan,Fifth quintile,Yes,1
japan,First quintile ,Yes,1
japan,Fourth quintile,Yes,1
japan,Second quintile,Yes,0
japan,Fifth quintile,Yes,1
japan,First quintile ,Yes,1
japan,Fourth quintile,Yes,1
japan,Fourth quintile,Yes,1
japan,First quintile ,Yes,0
japan,Third quintile,No,1
japan,First quintile ,Yes,1
japan,First quintile ,Yes,0
japan,Third quintile,Yes,0
japan,Fourth quintile,Yes,1
japan,Second quintile,Yes,1
japan,Second quintile,Yes,1
japan,Second quintile,Yes,0
japan,Second quintile,Yes,0
japan,Fourth quintile,Yes,1
japan,First quintile ,Yes,1
japan,Fifth quintile,No,1
japan,Fourth quintile,Yes,1
japan,Third quintile,Yes,1
japan,First quintile ,Yes,0
japan,Fourth quintile,Yes,1
japan,Fifth quintile,Yes,1
japan,First quintile ,Yes,0
japan,First quintile ,Yes,1
japan,Fourth quintile,Yes,1
japan,Second quintile,Yes,0
japan,Fourth quintile,Yes,1
japan,Fifth quintile,Yes,1
japan,First quintile ,Yes,1
japan,Second quintile,Yes,1
japan,Second quintile,Yes,1
japan,Fourth quintile,No,0
japan,Fourth quintile,Yes,0
japan,Fifth quintile,Yes,1
japan,Fifth quintile,Yes,1
japan,Fifth quintile,Yes,1
japan,Fifth quintile,No,1
japan,First quintile ,No,1
japan,Fourth quintile,Yes,0
japan,Fourth quintile,Yes,1
japan,First quintile ,No,1
japan,Third quintile,No,1
japan,First quintile ,Yes,1
japan,First quintile ,No,1
japan,Third quintile,Yes,1
japan,Second quintile,Yes,0
japan,Fifth quintile,Yes,1
japan,Third quintile,Yes,1
japan,First quintile ,Yes,1
japan,First quintile ,Yes,1
japan,Third quintile,Yes,0
japan,Third quintile,No,1
japan,Fifth quintile,Yes,1
japan,Fifth quintile,Yes,1
japan,Second quintile,Yes,0
japan,Fifth quintile,Yes,1
japan,Third quintile,Yes,1
japan,Fourth quintile,Yes,1
japan,Third quintile,Yes,1
japan,First quintile ,Yes,0
japan,Second quintile,Yes,1
japan,Second quintile,No,1
japan,Second quintile,Yes,1
japan,Third quintile,Yes,1
japan,Fifth quintile,Yes,0
japan,First quintile ,Yes,1
japan,Fifth quintile,No,1
japan,Second quintile,Yes,1
japan,Prefer not to answer,Yes,0
japan,Fifth quintile,Yes,1
japan,Second quintile,Yes,1
japan,Fourth quintile,Yes,1
japan,Fifth quintile,No,0
japan,Fifth quintile,Yes,1
japan,Third quintile,Yes,1
japan,First quintile ,Yes,0
japan,Second quintile,Yes,0
japan,First quintile ,Yes,1
japan,Fourth quintile,Yes,1
japan,Fifth quintile,Yes,1
japan,Second quintile,Yes,0
japan,Second quintile,Yes,1
japan,Prefer not to answer,No,1
japan,Third quintile,Yes,0
japan,Second quintile,Yes,0
japan,Fifth quintile,Yes,1
japan,Third quintile,Yes,1
japan,First quintile ,Yes,0
japan,Fifth quintile,Yes,1
japan,Fourth quintile,Yes,1
japan,Third quintile,Yes,0
japan,Third quintile,No,1
japan,Fifth quintile,Yes,1
japan,Prefer not to answer,Yes,1
japan,Fourth quintile,Yes,1
japan,Second quintile,Yes,1
japan,Fourth quintile,Yes,0
japan,Second quintile,Yes,1
japan,Third quintile,Yes,1
japan,First quintile ,Yes,0
japan,Prefer not to answer,Yes,1
japan,Third quintile,Yes,1
japan,Second quintile,Yes,1
japan,Second quintile,Yes,1
japan,Fourth quintile,No,0
japan,Third quintile,Yes,0
japan,Second quintile,Yes,0
japan,Second quintile,Yes,1
japan,Fourth quintile,No,1
japan,First quintile ,Yes,1
japan,Third quintile,Yes,1
japan,Second quintile,Yes,1
japan,Fourth quintile,No,1
japan,Prefer not to answer,Yes,0
japan,First quintile ,Yes,1
japan,Second quintile,No,1
japan,Fifth quintile,No,1
japan,Third quintile,Yes,1
japan,Fourth quintile,Yes,1
japan,Fourth quintile,Yes,1
japan,Fourth quintile,Yes,1
japan,Fifth quintile,Yes,1
japan,First quintile ,Yes,0
japan,Fifth quintile,Yes,1
japan,First quintile ,Yes,1
japan,Second quintile,No,1
japan,Second quintile,Yes,1
japan,Third quintile,No,1
japan,Second quintile,No,0
japan,Second quintile,No,0
japan,Fifth quintile,Yes,1
japan,First quintile ,No,0
japan,Fifth quintile,Yes,1
japan,Third quintile,Yes,0
japan,Third quintile,Yes,0
japan,Fifth quintile,Yes,1
japan,Second quintile,Yes,1
japan,First quintile ,No,0
japan,Second quintile,Yes,0
japan,Second quintile,Yes,1
japan,Second quintile,Yes,1
japan,Fifth quintile,Yes,1
japan,Fourth quintile,Yes,1
japan,First quintile ,Yes,1
japan,Second quintile,Yes,1
japan,First quintile ,Yes,1
japan,Third quintile,Yes,1
japan,First quintile ,No,0
japan,Fifth quintile,No,1
japan,Third quintile,Yes,0
japan,Prefer not to answer,Yes,1
japan,Fifth quintile,Yes,1
japan,Third quintile,Yes,0
japan,First quintile ,No,1
japan,First quintile ,Yes,1
japan,Second quintile,Yes,1
japan,First quintile ,No,0
japan,Third quintile,Yes,1
japan,Fourth quintile,Yes,0
japan,Second quintile,Yes,1
japan,Prefer not to answer,No,0
japan,Second quintile,Yes,1
japan,Fifth quintile,Yes,1
japan,Second quintile,Yes,0
japan,Second quintile,No,1
japan,Third quintile,No,1
japan,Third quintile,Yes,1
japan,First quintile ,Yes,0
japan,Second quintile,Yes,0
japan,Second quintile,Yes,1
japan,Fifth quintile,No,1
japan,Third quintile,Yes,0
japan,Fourth quintile,Yes,1
japan,Fourth quintile,Yes,1
japan,Second quintile,Yes,1
japan,First quintile ,Yes,1
japan,Fourth quintile,Yes,1
japan,Fifth quintile,Yes,1
japan,Third quintile,Yes,0
japan,Third quintile,Yes,1
japan,Second quintile,Yes,0
japan,Fourth quintile,Yes,1
japan,Third quintile,Yes,1
japan,Third quintile,Yes,0
japan,Fifth quintile,Yes,1
japan,Second quintile,No,1
japan,Third quintile,Yes,1
japan,Second quintile,Yes,1
japan,Fifth quintile,Yes,0
japan,Third quintile,Yes,1
japan,First quintile ,Yes,1
japan,Third quintile,Yes,0
japan,Fourth quintile,Yes,1
japan,Fifth quintile,Yes,1
japan,First quintile ,No,0
japan,Second quintile,No,1
japan,First quintile ,Yes,0
japan,Third quintile,Yes,1
japan,First quintile ,No,0
japan,Third quintile,Yes,1
japan,Second quintile,No,0
japan,Third quintile,Yes,1
japan,Third quintile,Yes,1
japan,First quintile ,Yes,1
japan,First quintile ,No,0
japan,Third quintile,No,0
japan,Second quintile,Yes,1
japan,Second quintile,Yes,1
japan,Fourth quintile,Yes,1
japan,Second quintile,No,1
japan,Third quintile,Yes,1
japan,Second quintile,No,1
japan,Second quintile,Yes,1
japan,First quintile ,Yes,1
japan,Third quintile,Yes,1
japan,Fourth quintile,Yes,1
japan,Second quintile,Yes,1
japan,Second quintile,Yes,1
japan,Second quintile,Yes,1
japan,Fourth quintile,Yes,1
japan,Second quintile,Yes,1
japan,First quintile ,Yes,0
japan,Second quintile,Yes,0
japan,Prefer not to answer,Yes,1
japan,Fourth quintile,Yes,1
japan,Prefer not to answer,No,0
japan,First quintile ,Yes,0
japan,Third quintile,No,0
japan,Fourth quintile,Yes,1
japan,Second quintile,Yes,1
japan,Second quintile,Yes,0
japan,Third quintile,No,0
japan,Fourth quintile,Yes,1
japan,Prefer not to answer,No,0
japan,Third quintile,Yes,1
japan,First quintile ,No,1
japan,Third quintile,No,1
japan,Fourth quintile,No,1
japan,Fourth quintile,Yes,1
japan,Third quintile,No,0
japan,Third quintile,Yes,1
japan,First quintile ,Yes,1
japan,Second quintile,Yes,1
japan,Fourth quintile,No,0
japan,Prefer not to answer,No,1
japan,First quintile ,Yes,0
japan,Third quintile,Yes,1
japan,Second quintile,Yes,1
japan,First quintile ,Yes,0
japan,First quintile ,Yes,1
japan,First quintile ,Yes,1
japan,Fifth quintile,Yes,1
japan,Second quintile,No,1
japan,Second quintile,Yes,1
japan,First quintile ,Yes,0
japan,Second quintile,Yes,1
japan,Fourth quintile,Yes,1
korea,First quintile ,Yes,1
korea,Second quintile,Yes,1
korea,First quintile ,No,0
korea,Fourth quintile,Yes,1
korea,Fifth quintile,Yes,1
korea,Second quintile,Yes,0
korea,Third quintile,Yes,1
korea,Prefer not to answer,Yes,1
korea,Fourth quintile,Yes,1
korea,Second quintile,Yes,0
korea,Third quintile,No,1
korea,Fifth quintile,Yes,0
korea,First quintile ,No,0
korea,Second quintile,Yes,0
korea,Second quintile,Yes,1
korea,First quintile ,Yes,1
korea,First quintile ,Yes,1
korea,Fifth quintile,Yes,1
korea,Prefer not to answer,Yes,1
korea,Fourth quintile,Yes,1
korea,First quintile ,Yes,1
korea,Fourth quintile,Yes,1
korea,Third quintile,Yes,1
korea,Third quintile,Yes,1
korea,Second quintile,Yes,1
korea,First quintile ,Yes,1
korea,Fourth quintile,Yes,0
korea,First quintile ,Yes,0
korea,Third quintile,No,1
korea,Third quintile,Yes,1
korea,Third quintile,Yes,0
korea,Fourth quintile,Yes,0
korea,Second quintile,Yes,1
korea,First quintile ,Yes,0
korea,Second quintile,Yes,1
korea,Third quintile,Yes,1
korea,Second quintile,Yes,0
korea,Second quintile,Yes,0
korea,Fourth quintile,No,1
korea,Fourth quintile,Yes,1
korea,Third quintile,Yes,1
korea,Fifth quintile,Yes,1
korea,Third quintile,Yes,0
korea,First quintile ,Yes,1
korea,Fourth quintile,Yes,1
korea,First quintile ,Yes,0
korea,Third quintile,No,1
korea,First quintile ,Yes,1
korea,Third quintile,Yes,1
korea,Second quintile,No,1
korea,Second quintile,Yes,0
korea,Fifth quintile,Yes,0
korea,Fourth quintile,Yes,1
korea,Second quintile,No,0
korea,Fourth quintile,Yes,0
korea,Second quintile,Yes,0
korea,Third quintile,Yes,0
korea,First quintile ,No,0
korea,Fourth quintile,Yes,0
korea,Second quintile,Yes,1
korea,Fourth quintile,Yes,0
korea,Second quintile,Yes,0
korea,Fifth quintile,Yes,1
korea,Second quintile,No,0
korea,First quintile ,Yes,1
korea,First quintile ,Yes,0
korea,First quintile ,No,0
korea,Prefer not to answer,Yes,0
korea,Fourth quintile,Yes,0
korea,First quintile ,Yes,1
korea,First quintile ,Yes,0
korea,First quintile ,No,1
korea,Third quintile,Yes,0
korea,Third quintile,Yes,1
korea,First quintile ,Yes,1
korea,First quintile ,Yes,1
korea,Fourth quintile,Yes,1
korea,Third quintile,Yes,1
korea,Fourth quintile,Yes,1
korea,Prefer not to answer,Yes,1
korea,Third quintile,Yes,0
korea,Fifth quintile,Yes,1
korea,Second quintile,Yes,0
korea,First quintile ,No,1
korea,Second quintile,Yes,1
korea,Third quintile,Yes,1
korea,First quintile ,Yes,0
korea,Fourth quintile,Yes,0
korea,Third quintile,Yes,0
korea,First quintile ,Yes,0
korea,Third quintile,Yes,0
korea,First quintile ,Yes,0
korea,Fifth quintile,Yes,0
korea,Third quintile,No,1
korea,Second quintile,Yes,1
korea,Fourth quintile,Yes,1
korea,Fourth quintile,Yes,0
korea,Second quintile,Yes,1
korea,Fifth quintile,Yes,1
korea,Fifth quintile,Yes,1
korea,Prefer not to answer,Yes,1
korea,Third quintile,Yes,0
korea,Third quintile,No,0
korea,Fourth quintile,Yes,0
korea,First quintile ,Yes,1
korea,Third quintile,Yes,1
korea,Fifth quintile,Yes,1
korea,First quintile ,Yes,1
korea,Third quintile,Yes,1
korea,Prefer not to answer,Yes,0
korea,Third quintile,Yes,0
korea,Prefer not to answer,No,0
korea,Second quintile,Yes,0
korea,Fifth quintile,Yes,1
korea,Third quintile,Yes,1
korea,Fourth quintile,Yes,1
korea,First quintile ,Yes,1
korea,Third quintile,Yes,0
korea,Second quintile,Yes,1
korea,Prefer not to answer,No,0
korea,Second quintile,Yes,1
korea,Fifth quintile,Yes,1
korea,Fifth quintile,Yes,1
korea,First quintile ,Yes,1
korea,First quintile ,No,0
korea,First quintile ,Yes,1
korea,First quintile ,Yes,0
korea,Second quintile,Yes,0
korea,First quintile ,Yes,1
korea,First quintile ,Yes,0
korea,Fifth quintile,Yes,0
korea,Second quintile,Yes,1
korea,First quintile ,Yes,0
korea,Third quintile,No,0
korea,Fourth quintile,Yes,1
korea,First quintile ,Yes,0
korea,First quintile ,Yes,0
korea,Fifth quintile,Yes,0
korea,First quintile ,Yes,0
korea,Fifth quintile,Yes,1
korea,Fourth quintile,Yes,1
korea,First quintile ,Yes,0
korea,Second quintile,Yes,1
korea,Second quintile,Yes,0
korea,First quintile ,Yes,1
korea,Third quintile,Yes,1
korea,Fourth quintile,Yes,1
korea,Second quintile,Yes,1
korea,First quintile ,No,0
korea,Fifth quintile,Yes,1
korea,Fourth quintile,Yes,1
korea,Second quintile,Yes,1
korea,First quintile ,Yes,1
korea,Third quintile,Yes,1
korea,First quintile ,Yes,1
korea,Fourth quintile,Yes,1
korea,Third quintile,Yes,0
korea,Third quintile,Yes,1
korea,Fourth quintile,Yes,1
korea,Second quintile,Yes,1
korea,First quintile ,Yes,1
korea,First quintile ,Yes,1
korea,Fourth quintile,Yes,1
korea,Third quintile,Yes,1
korea,First quintile ,Yes,1
korea,First quintile ,Yes,1
korea,First quintile ,Yes,1
korea,Fifth quintile,Yes,0
korea,Second quintile,Yes,0
korea,Fourth quintile,Yes,1
korea,Second quintile,Yes,0
korea,Fourth quintile,Yes,1
korea,First quintile ,Yes,0
korea,First quintile ,Yes,1
korea,Second quintile,Yes,1
korea,Prefer not to answer,Yes,1
korea,First quintile ,Yes,1
korea,Third quintile,Yes,1
korea,Prefer not to answer,Yes,1
korea,Second quintile,Yes,0
korea,Prefer not to answer,Yes,1
korea,Fifth quintile,Yes,1
korea,Third quintile,Yes,1
korea,Third quintile,Yes,1
korea,Fourth quintile,Yes,0
korea,Second quintile,Yes,0
korea,First quintile ,Yes,0
korea,Second quintile,No,0
korea,Third quintile,Yes,0
korea,Third quintile,Yes,1
korea,Second quintile,Yes,0
korea,Third quintile,Yes,0
korea,Fifth quintile,Yes,1
korea,Fourth quintile,Yes,1
korea,Second quintile,Yes,1
korea,First quintile ,No,0
korea,First quintile ,Yes,0
korea,Third quintile,Yes,1
korea,Fifth quintile,Yes,0
korea,First quintile ,No,0
korea,Third quintile,Yes,1
korea,First quintile ,Yes,1
korea,First quintile ,No,0
korea,Prefer not to answer,Yes,0
korea,Third quintile,No,0
korea,Fourth quintile,Yes,1
korea,Third quintile,Yes,1
korea,Second quintile,Yes,0
korea,Fifth quintile,Yes,1
korea,Third quintile,No,1
korea,Fifth quintile,Yes,0
korea,Fourth quintile,Yes,0
korea,Fifth quintile,Yes,1
korea,Fourth quintile,No,0
korea,Fifth quintile,Yes,1
korea,Fourth quintile,Yes,1
korea,Second quintile,Yes,1
korea,Second quintile,Yes,1
korea,Fifth quintile,Yes,0
korea,Fifth quintile,Yes,1
korea,Third quintile,No,1
korea,Fourth quintile,Yes,1
korea,Fifth quintile,Yes,1
korea,First quintile ,Yes,1
korea,Fourth quintile,Yes,1
korea,First quintile ,No,1
korea,Fourth quintile,Yes,1
korea,First quintile ,Yes,0
korea,First quintile ,Yes,1
korea,Third quintile,Yes,1
korea,Third quintile,Yes,1
korea,Third quintile,Yes,1
korea,Fourth quintile,Yes,1
korea,Fifth quintile,Yes,1
korea,First quintile ,No,0
korea,First quintile ,No,1
korea,Fourth quintile,Yes,1
korea,First quintile ,Yes,1
korea,Third quintile,Yes,0
korea,First quintile ,Yes,1
korea,Second quintile,Yes,0
korea,Fifth quintile,Yes,1
korea,Second quintile,Yes,1
korea,Fourth quintile,Yes,0
korea,Third quintile,Yes,1
korea,Second quintile,Yes,0
korea,Second quintile,Yes,0
korea,Second quintile,No,0
korea,Fifth quintile,Yes,1
korea,Fourth quintile,Yes,1
korea,Fifth quintile,Yes,1
korea,Second quintile,Yes,1
korea,Fifth quintile,Yes,1
korea,Fourth quintile,No,0
korea,Second quintile,No,1
korea,Fifth quintile,Yes,0
korea,Fifth quintile,Yes,1
korea,Third quintile,Yes,0
korea,First quintile ,Yes,0
korea,Fourth quintile,No,1
korea,Third quintile,Yes,0
korea,Third quintile,Yes,1
korea,Third quintile,Yes,1
korea,Fourth quintile,Yes,0
korea,Second quintile,Yes,1
korea,Fifth quintile,Yes,1
korea,First quintile ,No,1
korea,Fifth quintile,Yes,0
korea,Fourth quintile,Yes,0
korea,Fourth quintile,Yes,1
korea,Fourth quintile,Yes,1
korea,Fourth quintile,Yes,1
korea,Fourth quintile,Yes,0
korea,Third quintile,Yes,1
korea,Fourth quintile,Yes,1
korea,Third quintile,Yes,0
korea,Fourth quintile,No,1
korea,Third quintile,Yes,0
korea,Fourth quintile,Yes,1
korea,Third quintile,Yes,1
korea,Third quintile,Yes,1
korea,Second quintile,Yes,1
korea,Prefer not to answer,Yes,0
korea,Fourth quintile,Yes,1
korea,Second quintile,Yes,1
korea,Fifth quintile,Yes,1
korea,Fourth quintile,Yes,1
korea,Second quintile,Yes,0
korea,First quintile ,Yes,0
korea,First quintile ,Yes,1
korea,Third quintile,Yes,0
korea,Fifth quintile,Yes,0
korea,First quintile ,Yes,0
korea,Third quintile,Yes,1
korea,Second quintile,Yes,1
korea,Fourth quintile,Yes,1
korea,Fourth quintile,Yes,0
korea,Fourth quintile,No,1
korea,Second quintile,Yes,1
korea,Fifth quintile,Yes,1
korea,First quintile ,No,0
korea,Third quintile,Yes,1
korea,Third quintile,Yes,0
korea,Fifth quintile,Yes,1
korea,Fifth quintile,Yes,1
korea,Fourth quintile,Yes,1
korea,Fifth quintile,No,1
korea,First quintile ,Yes,0
korea,Third quintile,Yes,0
korea,Fourth quintile,Yes,1
korea,Second quintile,Yes,1
korea,Third quintile,Yes,1
korea,Third quintile,Yes,1
korea,Fifth quintile,Yes,1
korea,Third quintile,Yes,1
korea,Second quintile,Yes,1
korea,First quintile ,Yes,0
korea,Fifth quintile,Yes,1
korea,Fourth quintile,Yes,0
korea,Fifth quintile,Yes,1
korea,Third quintile,Yes,1
korea,First quintile ,No,0
korea,Second quintile,Yes,1
korea,First quintile ,Yes,1
korea,Fifth quintile,Yes,1
korea,Fifth quintile,Yes,0
korea,Third quintile,Yes,1
korea,Third quintile,Yes,1
korea,Prefer not to answer,Yes,0
korea,Fifth quintile,Yes,1
korea,Third quintile,Yes,0
korea,Fifth quintile,Yes,1
korea,Fifth quintile,Yes,1
korea,Fifth quintile,Yes,1
korea,First quintile ,Yes,0
korea,Second quintile,Yes,0
korea,Fourth quintile,Yes,1
korea,Fifth quintile,Yes,1
korea,Third quintile,No,0
korea,Fourth quintile,Yes,0
korea,Fourth quintile,Yes,1
korea,Third quintile,Yes,1
korea,First quintile ,Yes,1
korea,Second quintile,Yes,0
korea,Second quintile,Yes,0
korea,Fourth quintile,Yes,0
korea,Third quintile,No,0
korea,Fourth quintile,Yes,0
korea,Third quintile,Yes,0
korea,Fifth quintile,Yes,1
korea,Fourth quintile,Yes,1
korea,Second quintile,Yes,0
korea,First quintile ,Yes,0
korea,Third quintile,Yes,0
korea,Third quintile,Yes,0
korea,Fifth quintile,Yes,1
korea,Fifth quintile,Yes,0
korea,Prefer not to answer,Yes,0
korea,First quintile ,Yes,1
korea,First quintile ,Yes,1
korea,Third quintile,Yes,1
korea,Fifth quintile,Yes,0
korea,Third quintile,Yes,1
korea,Third quintile,Yes,1
korea,Second quintile,No,0
korea,Fifth quintile,Yes,1
korea,First quintile ,Yes,1
korea,Fifth quintile,Yes,1
korea,First quintile ,Yes,1
korea,Fifth quintile,Yes,1
korea,Third quintile,Yes,1
korea,Fifth quintile,Yes,1
korea,Fifth quintile,Yes,1
korea,Third quintile,No,0
korea,Fifth quintile,Yes,0
korea,Fourth quintile,Yes,1
korea,Second quintile,Yes,0
korea,Third quintile,Yes,0
korea,Fifth quintile,Yes,1
korea,First quintile ,Yes,1
korea,First quintile ,Yes,1
korea,Fifth quintile,No,0
korea,Third quintile,Yes,0
korea,First quintile ,No,0
korea,First quintile ,Yes,0
korea,Third quintile,Yes,0
korea,Second quintile,Yes,0
korea,Fifth quintile,Yes,1
korea,Third quintile,No,1
korea,Prefer not to answer,Yes,0
korea,Fifth quintile,Yes,1
korea,First quintile ,Yes,1
korea,First quintile ,No,0
korea,Third quintile,No,1
korea,Fourth quintile,Yes,1
korea,Fourth quintile,No,1
korea,Second quintile,Yes,1
korea,Second quintile,Yes,1
korea,Fourth quintile,Yes,0
korea,Third quintile,Yes,0
korea,Second quintile,Yes,1
korea,Third quintile,No,1
korea,Third quintile,Yes,1
korea,Third quintile,Yes,0
korea,Fourth quintile,Yes,1
korea,First quintile ,Yes,0
korea,First quintile ,Yes,0
korea,Third quintile,Yes,0
korea,Fifth quintile,Yes,0
korea,Third quintile,Yes,1
korea,First quintile ,No,0
korea,Third quintile,Yes,0
korea,Second quintile,Yes,0
korea,Second quintile,Yes,1
korea,First quintile ,No,1
korea,Second quintile,Yes,0
korea,Fourth quintile,Yes,0
korea,Prefer not to answer,No,0
korea,Second quintile,Yes,0
korea,Fourth quintile,Yes,1
korea,Prefer not to answer,Yes,1
korea,Second quintile,No,1
korea,Fourth quintile,Yes,1
korea,Fifth quintile,Yes,1
korea,Fifth quintile,Yes,1
korea,Fourth quintile,Yes,1
korea,Second quintile,Yes,1
korea,Fourth quintile,Yes,1
korea,Fourth quintile,No,1
korea,First quintile ,Yes,0
korea,Fifth quintile,Yes,0
korea,Fourth quintile,Yes,1
korea,First quintile ,No,0
korea,Second quintile,Yes,1
korea,First quintile ,Yes,1
korea,Third quintile,Yes,0
korea,Fifth quintile,Yes,1
korea,First quintile ,Yes,1
korea,Second quintile,Yes,1
korea,Second quintile,No,1
korea,Fourth quintile,Yes,1
korea,Third quintile,Yes,1
korea,Fifth quintile,Yes,1
korea,Third quintile,Yes,1
korea,Second quintile,Yes,1
korea,First quintile ,Yes,0
korea,Fourth quintile,Yes,1
korea,Second quintile,No,1
korea,Second quintile,Yes,0
korea,Fourth quintile,Yes,0
korea,First quintile ,Yes,1
korea,Third quintile,Yes,1
korea,Fourth quintile,Yes,1
korea,Fourth quintile,Yes,0
korea,Fifth quintile,Yes,1
korea,Third quintile,Yes,1
korea,Prefer not to answer,Yes,1
korea,Fourth quintile,Yes,1
korea,Fifth quintile,No,1
korea,Fifth quintile,Yes,1
korea,First quintile ,Yes,1
korea,Fourth quintile,Yes,1
korea,Fourth quintile,Yes,1
korea,Fourth quintile,Yes,0
korea,Fifth quintile,Yes,1
korea,Third quintile,Yes,1
korea,Second quintile,Yes,0
korea,Fourth quintile,Yes,0
korea,Second quintile,Yes,1
korea,Fourth quintile,Yes,1
korea,Fifth quintile,Yes,1
korea,First quintile ,Yes,1
korea,Fourth quintile,Yes,1
korea,First quintile ,Yes,0
korea,First quintile ,Yes,0
korea,Second quintile,Yes,1
korea,Fourth quintile,Yes,1
korea,First quintile ,Yes,1
korea,First quintile ,Yes,0
korea,Fourth quintile,Yes,0
korea,First quintile ,Yes,0
korea,Fifth quintile,Yes,0
korea,Second quintile,Yes,0
korea,Fourth quintile,Yes,1
korea,Second quintile,No,1
korea,Prefer not to answer,No,1
korea,Second quintile,Yes,1
korea,Prefer not to answer,Yes,0
korea,Second quintile,Yes,1
korea,Second quintile,Yes,1
korea,First quintile ,Yes,0
korea,First quintile ,Yes,1
korea,Third quintile,No,1
korea,First quintile ,Yes,0
korea,First quintile ,Yes,1
korea,Fourth quintile,Yes,0
korea,Fifth quintile,Yes,1
korea,First quintile ,Yes,1
korea,Prefer not to answer,Yes,0
korea,Fourth quintile,Yes,0
korea,Third quintile,Yes,0
korea,Fifth quintile,Yes,0
korea,Fourth quintile,Yes,1
korea,Fourth quintile,Yes,1
korea,Third quintile,Yes,0
korea,First quintile ,No,1
korea,Prefer not to answer,Yes,1
korea,Fifth quintile,Yes,1
korea,Fourth quintile,Yes,0
korea,First quintile ,Yes,0
korea,Third quintile,Yes,1
korea,Third quintile,Yes,0
korea,Prefer not to answer,Yes,0
korea,First quintile ,Yes,1
korea,First quintile ,Yes,0
korea,First quintile ,No,1
korea,Third quintile,Yes,1
korea,Second quintile,Yes,0
korea,First quintile ,No,1
korea,First quintile ,No,0
korea,Fourth quintile,Yes,1
korea,First quintile ,Yes,0
korea,Second quintile,Yes,1
korea,Second quintile,Yes,1
korea,Fifth quintile,Yes,1
korea,First quintile ,No,0
korea,Fourth quintile,Yes,1
korea,Third quintile,Yes,1
korea,Fifth quintile,No,0
korea,Prefer not to answer,Yes,1
korea,Fifth quintile,Yes,1
korea,Fifth quintile,Yes,0
korea,Prefer not to answer,Yes,1
korea,First quintile ,Yes,1
korea,Third quintile,Yes,1
korea,Fifth quintile,Yes,1
korea,First quintile ,Yes,1
korea,Fourth quintile,Yes,1
korea,Fourth quintile,Yes,0
korea,Fourth quintile,Yes,1
korea,Fourth quintile,Yes,1
korea,Fourth quintile,Yes,1
korea,Fifth quintile,Yes,1
korea,Second quintile,Yes,0
korea,Prefer not to answer,Yes,0
korea,Prefer not to answer,No,1
korea,Second quintile,Yes,0
korea,First quintile ,Yes,0
korea,Second quintile,Yes,0
korea,First quintile ,Yes,0
korea,Third quintile,Yes,1
korea,Prefer not to answer,Yes,1
korea,Third quintile,Yes,0
korea,Second quintile,Yes,1
korea,First quintile ,No,1
korea,Prefer not to answer,Yes,0
korea,Second quintile,Yes,0
korea,Third quintile,Yes,0
korea,Fourth quintile,Yes,0
korea,Fifth quintile,Yes,1
korea,First quintile ,Yes,1
korea,Fourth quintile,Yes,1
korea,Prefer not to answer,Yes,0
korea,Third quintile,Yes,1
korea,Third quintile,Yes,0
korea,First quintile ,Yes,0
korea,Third quintile,Yes,0
korea,Third quintile,No,1
korea,Second quintile,Yes,0
korea,Third quintile,Yes,1
korea,First quintile ,Yes,1
korea,Second quintile,Yes,0
korea,Second quintile,Yes,1
korea,Second quintile,Yes,1
korea,Fifth quintile,Yes,1
korea,Fourth quintile,Yes,1
korea,Fifth quintile,Yes,1
korea,Third quintile,No,1
korea,Prefer not to answer,Yes,0
korea,Second quintile,Yes,0
korea,First quintile ,Yes,1
korea,First quintile ,Yes,0
korea,Fourth quintile,Yes,0
korea,Fourth quintile,Yes,0
korea,Second quintile,Yes,1
korea,Fourth quintile,Yes,0
korea,Fifth quintile,Yes,1
korea,Third quintile,Yes,1
korea,Fifth quintile,Yes,0
korea,Fourth quintile,Yes,1
korea,First quintile ,Yes,0
korea,First quintile ,No,1
korea,First quintile ,Yes,0
korea,Second quintile,Yes,0
korea,Second quintile,Yes,1
korea,Second quintile,Yes,0
korea,Fourth quintile,Yes,0
korea,Third quintile,Yes,0
korea,Third quintile,No,0
korea,Fourth quintile,Yes,1
korea,Fourth quintile,Yes,0
korea,Second quintile,Yes,1
korea,Fourth quintile,Yes,1
korea,Fourth quintile,Yes,1
korea,Third quintile,Yes,1
korea,Prefer not to answer,Yes,0
korea,First quintile ,Yes,0
korea,Fifth quintile,Yes,1
korea,Second quintile,Yes,0
korea,Fourth quintile,Yes,1
korea,Fourth quintile,Yes,0
korea,Fourth quintile,Yes,0
korea,Third quintile,Yes,0
korea,Prefer not to answer,Yes,1
korea,Third quintile,Yes,0
korea,Fourth quintile,Yes,1
korea,Fifth quintile,Yes,1
korea,Third quintile,Yes,1
korea,Fourth quintile,Yes,1
korea,Second quintile,No,0
korea,First quintile ,Yes,1
korea,First quintile ,Yes,1
korea,Second quintile,Yes,1
korea,Second quintile,Yes,1
korea,Third quintile,Yes,0
korea,First quintile ,No,0
korea,Second quintile,No,1
korea,First quintile ,Yes,1
korea,Third quintile,Yes,0
korea,Third quintile,Yes,0
korea,First quintile ,Yes,0
korea,First quintile ,Yes,0
korea,Second quintile,Yes,0
korea,Third quintile,Yes,0
korea,Fifth quintile,Yes,1
korea,Third quintile,Yes,1
korea,Fourth quintile,No,0
korea,Third quintile,Yes,0
korea,Fifth quintile,Yes,1
korea,Second quintile,Yes,0
korea,Third quintile,Yes,0
korea,Fifth quintile,Yes,1
korea,Fifth quintile,Yes,1
korea,Fourth quintile,Yes,1
korea,Third quintile,Yes,1
korea,Second quintile,No,0
korea,First quintile ,Yes,1
korea,First quintile ,No,0
korea,Fourth quintile,Yes,0
korea,Fourth quintile,Yes,1
korea,First quintile ,Yes,1
korea,Fifth quintile,Yes,1
korea,Second quintile,Yes,1
korea,Third quintile,Yes,1
korea,Third quintile,Yes,1
korea,Second quintile,No,0
korea,Second quintile,Yes,0
korea,Third quintile,Yes,0
korea,Second quintile,No,1
korea,Prefer not to answer,Yes,0
korea,First quintile ,Yes,0
korea,Fourth quintile,Yes,1
korea,Fourth quintile,Yes,1
korea,Second quintile,No,1
korea,First quintile ,Yes,0
korea,Fourth quintile,Yes,1
korea,First quintile ,No,1
korea,Fourth quintile,Yes,1
korea,First quintile ,No,0
korea,Fourth quintile,Yes,1
korea,Third quintile,Yes,1
korea,First quintile ,Yes,0
korea,Fifth quintile,Yes,1
korea,Fourth quintile,Yes,1
korea,Third quintile,No,0
korea,Fourth quintile,Yes,1
korea,Third quintile,Yes,0
korea,First quintile ,Yes,1
korea,Second quintile,Yes,1
korea,Third quintile,Yes,1
korea,First quintile ,Yes,1
korea,Second quintile,Yes,1
korea,Fifth quintile,No,1
korea,Third quintile,Yes,1
korea,Fourth quintile,No,1
korea,First quintile ,Yes,0
korea,Fourth quintile,Yes,0
korea,Third quintile,Yes,1
korea,Fourth quintile,Yes,1
korea,Third quintile,Yes,1
korea,Fifth quintile,Yes,1
korea,Third quintile,Yes,1
korea,Fourth quintile,Yes,0
korea,Third quintile,Yes,0
korea,First quintile ,Yes,1
korea,Third quintile,Yes,1
korea,Fourth quintile,Yes,1
korea,Third quintile,Yes,1
korea,First quintile ,No,0
korea,Third quintile,Yes,1
korea,Third quintile,Yes,0
korea,Third quintile,Yes,1
korea,Third quintile,No,1
korea,Fourth quintile,Yes,0
korea,Fifth quintile,Yes,0
korea,Fourth quintile,Yes,1
korea,First quintile ,Yes,0
korea,Second quintile,Yes,1
korea,Third quintile,Yes,0
korea,First quintile ,No,0
korea,Second quintile,No,0
korea,First quintile ,No,0
korea,Third quintile,Yes,1
korea,Third quintile,Yes,1
korea,First quintile ,Yes,0
korea,Third quintile,Yes,0
korea,Third quintile,Yes,0
korea,Third quintile,Yes,1
korea,Fifth quintile,Yes,1
korea,Fourth quintile,Yes,0
korea,First quintile ,No,1
korea,Second quintile,Yes,0
korea,Fifth quintile,Yes,1
korea,First quintile ,No,1
korea,First quintile ,Yes,1
korea,Fifth quintile,Yes,1
korea,Fourth quintile,Yes,0
korea,Second quintile,Yes,0
korea,Second quintile,Yes,0
korea,Fourth quintile,Yes,1
korea,Second quintile,Yes,1
korea,Fourth quintile,Yes,1
korea,First quintile ,No,0
korea,Second quintile,Yes,1
korea,Prefer not to answer,Yes,1
korea,Fourth quintile,Yes,1
korea,Second quintile,Yes,1
korea,Third quintile,Yes,1
korea,Fifth quintile,Yes,0
korea,Fourth quintile,Yes,0
korea,Fourth quintile,Yes,1
korea,First quintile ,Yes,0
korea,Third quintile,Yes,1
korea,Second quintile,No,1
korea,First quintile ,Yes,1
korea,Fourth quintile,Yes,1
korea,Third quintile,Yes,1
korea,Second quintile,Yes,0
korea,Fifth quintile,No,1
korea,Fourth quintile,Yes,1
korea,Fourth quintile,Yes,1
korea,Fourth quintile,Yes,0
korea,Fifth quintile,Yes,1
korea,Second quintile,Yes,0
korea,Fourth quintile,Yes,1
korea,Second quintile,Yes,0
korea,First quintile ,Yes,1
korea,First quintile ,Yes,1
korea,Fifth quintile,Yes,1
korea,Fourth quintile,Yes,1
korea,Fourth quintile,Yes,0
korea,Fifth quintile,Yes,1
korea,Fourth quintile,Yes,1
korea,First quintile ,Yes,0
korea,Second quintile,Yes,0
korea,First quintile ,Yes,1
korea,Fourth quintile,Yes,0
korea,First quintile ,No,0
korea,Fifth quintile,Yes,1
korea,Fourth quintile,Yes,0
korea,Second quintile,Yes,0
korea,Fifth quintile,Yes,1
korea,Prefer not to answer,Yes,0
korea,Third quintile,Yes,0
korea,Third quintile,Yes,0
korea,First quintile ,No,0
korea,Third quintile,Yes,1
korea,Fifth quintile,No,0
korea,Fifth quintile,Yes,0
korea,Fifth quintile,Yes,1
korea,Fifth quintile,Yes,1
korea,Fourth quintile,Yes,1
korea,Fifth quintile,Yes,1
korea,First quintile ,Yes,0
korea,Fifth quintile,Yes,1
korea,Third quintile,Yes,1
korea,Fourth quintile,Yes,1
korea,Fourth quintile,Yes,1
korea,Fifth quintile,Yes,1
korea,Second quintile,Yes,0
korea,Third quintile,Yes,1
korea,Third quintile,Yes,0
korea,Third quintile,Yes,0
korea,First quintile ,No,1
korea,Third quintile,Yes,0
korea,First quintile ,No,0
korea,Prefer not to answer,Yes,1
korea,Third quintile,Yes,1
korea,First quintile ,Yes,0
korea,Third quintile,Yes,1
korea,Fifth quintile,Yes,0
korea,Third quintile,Yes,0
korea,Second quintile,Yes,0
korea,Third quintile,Yes,1
korea,First quintile ,Yes,1
korea,Fourth quintile,Yes,1
korea,Second quintile,Yes,1
korea,Fifth quintile,Yes,0
korea,Fifth quintile,Yes,1
korea,Second quintile,Yes,0
korea,Fourth quintile,Yes,1
korea,Fifth quintile,Yes,1
korea,Fourth quintile,Yes,0
korea,Fourth quintile,Yes,1
korea,Fifth quintile,Yes,1
korea,Fifth quintile,Yes,1
korea,Fifth quintile,Yes,1
korea,Second quintile,Yes,1
korea,Fourth quintile,Yes,0
korea,Fifth quintile,Yes,1
korea,Second quintile,Yes,0
korea,Fifth quintile,Yes,0
korea,Third quintile,Yes,1
korea,Fifth quintile,Yes,1
korea,Fourth quintile,Yes,1
korea,First quintile ,Yes,0
korea,Fourth quintile,Yes,1
korea,Fourth quintile,Yes,0
korea,Fifth quintile,Yes,1
korea,Third quintile,Yes,1
korea,Fifth quintile,Yes,0
korea,Fourth quintile,Yes,1
korea,Third quintile,Yes,0
korea,First quintile ,Yes,0
korea,Fourth quintile,Yes,0
korea,Fifth quintile,Yes,0
korea,Third quintile,Yes,1
korea,Fourth quintile,Yes,1
korea,Third quintile,Yes,0
korea,Third quintile,Yes,0
korea,Fifth quintile,Yes,0
korea,Second quintile,Yes,0
korea,Second quintile,No,1
korea,First quintile ,Yes,0
korea,Fourth quintile,Yes,1
korea,Third quintile,Yes,0
korea,Second quintile,Yes,0
korea,First quintile ,Yes,1
korea,Third quintile,Yes,0
korea,Third quintile,Yes,1
korea,First quintile ,Yes,0
korea,Second quintile,Yes,1
korea,Fifth quintile,Yes,1
korea,First quintile ,No,0
korea,First quintile ,Yes,1
korea,Third quintile,Yes,1
korea,Fourth quintile,Yes,1
korea,Second quintile,Yes,1
korea,Fourth quintile,Yes,1
korea,Second quintile,No,0
korea,Third quintile,Yes,1
korea,First quintile ,Yes,1
korea,Third quintile,Yes,1
korea,Fourth quintile,Yes,0
korea,Third quintile,Yes,0
korea,Fifth quintile,No,0
korea,Fourth quintile,Yes,0
korea,Fifth quintile,No,0
korea,Fifth quintile,Yes,1
korea,Second quintile,Yes,0
korea,Fourth quintile,No,0
korea,Third quintile,No,1
korea,Fifth quintile,No,0
korea,First quintile ,Yes,1
korea,Third quintile,Yes,1
korea,Fifth quintile,Yes,1
korea,Second quintile,Yes,1
korea,Prefer not to answer,Yes,1
korea,Third quintile,Yes,0
korea,Prefer not to answer,Yes,0
korea,Prefer not to answer,Yes,0
korea,Fifth quintile,Yes,1
korea,Fifth quintile,Yes,0
korea,Second quintile,Yes,1
korea,Fourth quintile,Yes,1
korea,Second quintile,Yes,0
korea,Third quintile,Yes,0
korea,Prefer not to answer,Yes,0
korea,Third quintile,Yes,1
korea,Fifth quintile,Yes,0
korea,First quintile ,Yes,1
korea,Second quintile,Yes,0
korea,First quintile ,Yes,0
korea,First quintile ,Yes,1
korea,Third quintile,Yes,1
korea,Third quintile,Yes,0
korea,Second quintile,Yes,1
korea,First quintile ,Yes,0
korea,Fourth quintile,Yes,0
korea,Second quintile,Yes,1
korea,Fourth quintile,Yes,1
korea,Third quintile,Yes,1
korea,Fifth quintile,Yes,1
korea,Fifth quintile,Yes,1
korea,Fourth quintile,Yes,1
korea,First quintile ,No,0
korea,First quintile ,No,0
korea,Third quintile,Yes,1
korea,Third quintile,Yes,0
korea,Second quintile,Yes,1
korea,Fourth quintile,Yes,0
korea,Fourth quintile,Yes,0
korea,Fourth quintile,Yes,1
korea,Fourth quintile,Yes,1
korea,First quintile ,Yes,0
korea,Second quintile,Yes,1
korea,Fifth quintile,Yes,1
korea,Fifth quintile,Yes,0
korea,Third quintile,No,1
korea,Fourth quintile,Yes,1
korea,Prefer not to answer,Yes,1
korea,Fourth quintile,No,0
korea,Third quintile,Yes,1
korea,First quintile ,Yes,0
korea,First quintile ,Yes,1
korea,Fourth quintile,Yes,1
korea,Fifth quintile,Yes,1
korea,Second quintile,Yes,1
korea,Fourth quintile,Yes,1
korea,Fifth quintile,Yes,1
korea,First quintile ,Yes,1
korea,Second quintile,Yes,0
korea,Fourth quintile,Yes,1
korea,Fifth quintile,Yes,1
korea,Fourth quintile,Yes,0
korea,Fourth quintile,Yes,1
korea,Fourth quintile,Yes,1
korea,Second quintile,Yes,0
korea,Fourth quintile,Yes,1
korea,First quintile ,Yes,0
korea,Fourth quintile,Yes,0
korea,Second quintile,Yes,1
korea,Fifth quintile,Yes,1
korea,First quintile ,Yes,0
korea,Fifth quintile,Yes,1
korea,First quintile ,Yes,0
korea,Fifth quintile,Yes,1
korea,Second quintile,Yes,1
korea,First quintile ,Yes,0
korea,Fourth quintile,Yes,1
korea,Third quintile,Yes,0
korea,Fifth quintile,No,0
korea,Fifth quintile,No,0
korea,Fifth quintile,Yes,0
korea,Third quintile,Yes,1
korea,Fourth quintile,Yes,1
korea,First quintile ,Yes,0
korea,Fifth quintile,Yes,0
korea,Second quintile,Yes,0
korea,Prefer not to answer,No,0
korea,Fourth quintile,Yes,1
korea,First quintile ,Yes,0
korea,Second quintile,Yes,0
uk,Fourth quintile,No,1
uk,Third quintile,Yes,1
uk,Fourth quintile,No,1
uk,Fourth quintile,Yes,1
uk,Third quintile,Yes,1
uk,Third quintile,Yes,1
uk,First quintile ,Yes,1
uk,Fourth quintile,Yes,1
uk,Fifth quintile,Yes,1
uk,First quintile ,Yes,1
uk,Third quintile,Yes,1
uk,Third quintile,Yes,1
uk,Third quintile,Yes,1
uk,Third quintile,Yes,1
uk,First quintile ,Yes,1
uk,Third quintile,Yes,1
uk,First quintile ,No,0
uk,First quintile ,Yes,1
uk,Fourth quintile,No,1
uk,Fourth quintile,Yes,1
uk,Fifth quintile,Yes,1
uk,Third quintile,Yes,1
uk,Third quintile,Yes,1
uk,Third quintile,Yes,1
uk,Third quintile,Yes,1
uk,Fourth quintile,Yes,1
uk,Fifth quintile,Yes,1
uk,Second quintile,Yes,1
uk,Fourth quintile,Yes,1
uk,Prefer not to answer,Yes,1
uk,First quintile ,Yes,1
uk,Fourth quintile,Yes,1
uk,First quintile ,Yes,1
uk,Fourth quintile,Yes,1
uk,Fourth quintile,Yes,1
uk,Third quintile,Yes,1
uk,Fourth quintile,Yes,1
uk,First quintile ,Yes,1
uk,Second quintile,No,1
uk,Second quintile,Yes,1
uk,First quintile ,Yes,0
uk,First quintile ,Yes,1
uk,First quintile ,Yes,1
uk,Third quintile,Yes,1
uk,Fifth quintile,Yes,1
uk,First quintile ,No,1
uk,First quintile ,Yes,1
uk,Third quintile,Yes,1
uk,Fourth quintile,Yes,1
uk,Fourth quintile,Yes,1
uk,Fifth quintile,Yes,1
uk,First quintile ,Yes,1
uk,Fifth quintile,Yes,1
uk,Fourth quintile,Yes,1
uk,Second quintile,Yes,1
uk,Fifth quintile,Yes,0
uk,First quintile ,Yes,1
uk,Fourth quintile,No,1
uk,First quintile ,Yes,1
uk,Fifth quintile,No,1
uk,Second quintile,Yes,1
uk,Fifth quintile,No,1
uk,Second quintile,Yes,1
uk,First quintile ,Yes,0
uk,Fifth quintile,Yes,1
uk,Second quintile,Yes,1
uk,Fifth quintile,Yes,1
uk,First quintile ,Yes,0
uk,First quintile ,Yes,0
uk,Fifth quintile,Yes,1
uk,First quintile ,Yes,1
uk,First quintile ,Yes,1
uk,First quintile ,No,1
uk,Fourth quintile,Yes,1
uk,First quintile ,No,1
uk,Fifth quintile,Yes,1
uk,Third quintile,Yes,1
uk,Second quintile,Yes,1
uk,First quintile ,Yes,1
uk,Fourth quintile,Yes,1
uk,Third quintile,Yes,1
uk,Fifth quintile,Yes,1
uk,Second quintile,Yes,1
uk,Third quintile,Yes,1
uk,Fifth quintile,Yes,1
uk,Second quintile,Yes,1
uk,Fourth quintile,Yes,1
uk,Third quintile,Yes,1
uk,Fourth quintile,Yes,1
uk,Fifth quintile,Yes,1
uk,Fifth quintile,No,1
uk,Second quintile,Yes,0
uk,Third quintile,No,1
uk,First quintile ,No,1
uk,Third quintile,Yes,1
uk,Fifth quintile,Yes,1
uk,Fourth quintile,Yes,1
uk,Fifth quintile,Yes,1
uk,Second quintile,Yes,1
uk,Third quintile,Yes,1
uk,Second quintile,Yes,1
uk,Second quintile,Yes,1
uk,Fifth quintile,Yes,1
uk,Fourth quintile,Yes,1
uk,Third quintile,Yes,1
uk,Second quintile,Yes,1
uk,Second quintile,Yes,1
uk,First quintile ,Yes,1
uk,Fifth quintile,Yes,1
uk,Fifth quintile,Yes,1
uk,Fifth quintile,Yes,1
uk,Fifth quintile,Yes,1
uk,Second quintile,Yes,1
uk,Fourth quintile,Yes,0
uk,Second quintile,Yes,0
uk,Fourth quintile,Yes,1
uk,Fourth quintile,Yes,1
uk,Second quintile,Yes,1
uk,Second quintile,No,1
uk,Second quintile,No,1
uk,Fourth quintile,Yes,1
uk,Fifth quintile,Yes,1
uk,Second quintile,Yes,1
uk,Second quintile,Yes,1
uk,Fifth quintile,Yes,1
uk,Third quintile,Yes,1
uk,First quintile ,Yes,1
uk,Third quintile,Yes,1
uk,Fifth quintile,Yes,1
uk,Second quintile,Yes,1
uk,Fourth quintile,Yes,1
uk,Second quintile,Yes,1
uk,Third quintile,Yes,0
uk,Third quintile,Yes,1
uk,Fourth quintile,Yes,0
uk,First quintile ,Yes,1
uk,Fifth quintile,Yes,1
uk,Fifth quintile,Yes,1
uk,First quintile ,Yes,1
uk,Fifth quintile,No,1
uk,Third quintile,Yes,1
uk,Third quintile,Yes,1
uk,Fourth quintile,No,1
uk,Third quintile,Yes,1
uk,Third quintile,Yes,1
uk,First quintile ,Yes,1
uk,Fourth quintile,Yes,1
uk,Fifth quintile,Yes,1
uk,Second quintile,Yes,1
uk,Fifth quintile,Yes,1
uk,Fifth quintile,Yes,1
uk,Second quintile,Yes,1
uk,Fourth quintile,Yes,1
uk,Fifth quintile,Yes,1
uk,First quintile ,No,1
uk,Fifth quintile,Yes,0
uk,Fifth quintile,Yes,1
uk,Fourth quintile,Yes,0
uk,Fifth quintile,Yes,0
uk,Prefer not to answer,Yes,0
uk,Fifth quintile,Yes,1
uk,Fifth quintile,Yes,1
uk,Fifth quintile,Yes,1
uk,Fourth quintile,Yes,1
uk,Fifth quintile,Yes,1
uk,Fifth quintile,Yes,1
uk,Fifth quintile,Yes,1
uk,Fourth quintile,Yes,1
uk,Fourth quintile,Yes,1
uk,Fourth quintile,Yes,1
uk,First quintile ,Yes,1
uk,Second quintile,Yes,1
uk,Fifth quintile,Yes,1
uk,Prefer not to answer,Yes,1
uk,Fifth quintile,Yes,1
uk,Fifth quintile,No,1
uk,Third quintile,Yes,1
uk,Fifth quintile,Yes,1
uk,Fifth quintile,Yes,1
uk,First quintile ,Yes,1
uk,Fourth quintile,No,1
uk,Fourth quintile,Yes,1
uk,First quintile ,Yes,0
uk,First quintile ,Yes,1
uk,Fifth quintile,Yes,1
uk,Fifth quintile,Yes,1
uk,Fourth quintile,Yes,1
uk,Fifth quintile,Yes,1
uk,Third quintile,Yes,1
uk,Fifth quintile,Yes,1
uk,Fourth quintile,No,1
uk,Fifth quintile,Yes,1
uk,Third quintile,Yes,1
uk,Fourth quintile,Yes,1
uk,Prefer not to answer,Yes,0
uk,Fifth quintile,Yes,1
uk,First quintile ,Yes,1
uk,Fourth quintile,Yes,1
uk,Third quintile,Yes,1
uk,Prefer not to answer,Yes,1
uk,First quintile ,Yes,1
uk,Second quintile,Yes,0
uk,Second quintile,Yes,0
uk,Third quintile,Yes,1
uk,Fourth quintile,Yes,1
uk,Fourth quintile,Yes,1
uk,Fourth quintile,Yes,1
uk,Fifth quintile,Yes,1
uk,Fourth quintile,Yes,1
uk,Fifth quintile,Yes,1
uk,Fifth quintile,Yes,1
uk,Fifth quintile,Yes,1
uk,Fourth quintile,Yes,1
uk,Third quintile,No,1
uk,Fourth quintile,Yes,1
uk,Fifth quintile,Yes,1
uk,Third quintile,Yes,0
uk,Prefer not to answer,Yes,1
uk,First quintile ,Yes,1
uk,Fifth quintile,Yes,1
uk,Fifth quintile,Yes,1
uk,Third quintile,No,1
uk,First quintile ,Yes,1
uk,Fifth quintile,Yes,1
uk,Fifth quintile,Yes,1
uk,Second quintile,Yes,0
uk,Fifth quintile,Yes,1
uk,Fourth quintile,Yes,1
uk,Third quintile,Yes,1
uk,Third quintile,Yes,1
uk,First quintile ,Yes,1
uk,Fifth quintile,Yes,1
uk,Third quintile,Yes,1
uk,Second quintile,Yes,1
uk,Fourth quintile,No,1
uk,Fourth quintile,Yes,1
uk,Fifth quintile,Yes,1
uk,First quintile ,Yes,1
uk,First quintile ,Yes,1
uk,Fifth quintile,Yes,1
uk,Third quintile,Yes,1
uk,Third quintile,Yes,1
uk,Third quintile,Yes,1
uk,Fifth quintile,Yes,1
uk,Fifth quintile,Yes,1
uk,Fifth quintile,Yes,1
uk,Third quintile,Yes,1
uk,Third quintile,Yes,1
uk,First quintile ,Yes,0
uk,Fourth quintile,Yes,1
uk,Fifth quintile,Yes,1
uk,Fourth quintile,Yes,1
uk,Fourth quintile,Yes,0
uk,Fifth quintile,Yes,1
uk,Fourth quintile,Yes,1
uk,Fifth quintile,Yes,1
uk,Fifth quintile,Yes,1
uk,Fourth quintile,Yes,1
uk,Second quintile,Yes,1
uk,Third quintile,No,1
uk,Second quintile,Yes,1
uk,Third quintile,Yes,1
uk,Prefer not to answer,No,1
uk,Second quintile,Yes,0
uk,Fifth quintile,Yes,1
uk,First quintile ,Yes,1
uk,Fifth quintile,Yes,1
uk,Fifth quintile,Yes,1
uk,First quintile ,Yes,1
uk,Third quintile,Yes,0
uk,Fifth quintile,Yes,1
uk,Fifth quintile,Yes,1
uk,Fifth quintile,Yes,1
uk,Third quintile,Yes,1
uk,Second quintile,No,1
uk,Fifth quintile,Yes,1
uk,Fourth quintile,Yes,1
uk,Fifth quintile,Yes,1
uk,Fourth quintile,Yes,1
uk,Fifth quintile,Yes,1
uk,Third quintile,Yes,1
uk,Second quintile,No,0
uk,Fourth quintile,Yes,1
uk,Fifth quintile,Yes,1
uk,Second quintile,Yes,1
uk,First quintile ,Yes,1
uk,Fifth quintile,No,1
uk,Second quintile,Yes,1
uk,First quintile ,Yes,1
uk,First quintile ,No,1
uk,Fifth quintile,Yes,1
uk,Fifth quintile,Yes,1
uk,Fifth quintile,Yes,1
uk,Fifth quintile,No,1
uk,Third quintile,Yes,1
uk,First quintile ,No,1
uk,Fourth quintile,Yes,1
uk,Fifth quintile,Yes,0
uk,First quintile ,Yes,1
uk,Third quintile,Yes,0
uk,Second quintile,Yes,1
uk,Second quintile,Yes,1
uk,Third quintile,Yes,1
uk,Fifth quintile,Yes,1
uk,Third quintile,Yes,1
uk,Third quintile,Yes,1
uk,Second quintile,Yes,0
uk,Third quintile,Yes,1
uk,Third quintile,Yes,1
uk,Third quintile,Yes,1
uk,Second quintile,Yes,0
uk,First quintile ,Yes,0
uk,Fifth quintile,Yes,1
uk,Fourth quintile,Yes,1
uk,Second quintile,Yes,1
uk,First quintile ,Yes,0
uk,Fifth quintile,Yes,1
uk,Fourth quintile,Yes,1
uk,First quintile ,Yes,1
uk,Fourth quintile,Yes,1
uk,Fourth quintile,No,1
uk,Prefer not to answer,Yes,1
uk,Third quintile,Yes,1
uk,Fifth quintile,Yes,1
uk,Third quintile,Yes,1
uk,Fourth quintile,Yes,1
uk,First quintile ,Yes,1
uk,Fourth quintile,Yes,1
uk,First quintile ,Yes,1
uk,First quintile ,No,1
uk,Third quintile,Yes,1
uk,First quintile ,Yes,1
uk,Fourth quintile,No,1
uk,Third quintile,Yes,1
uk,First quintile ,Yes,1
uk,First quintile ,Yes,1
uk,Second quintile,Yes,1
uk,Second quintile,Yes,1
uk,Fifth quintile,Yes,1
uk,Fifth quintile,Yes,1
uk,Second quintile,Yes,1
uk,Second quintile,Yes,1
uk,Second quintile,Yes,1
uk,Third quintile,Yes,1
uk,First quintile ,Yes,1
uk,Fourth quintile,Yes,1
uk,Second quintile,Yes,1
uk,Fifth quintile,Yes,1
uk,Third quintile,Yes,1
uk,First quintile ,Yes,1
uk,Fourth quintile,Yes,1
uk,Third quintile,No,1
uk,Fourth quintile,Yes,1
uk,Fourth quintile,Yes,1
uk,Prefer not to answer,No,1
uk,First quintile ,Yes,1
uk,First quintile ,Yes,1
uk,Third quintile,Yes,1
uk,Fourth quintile,Yes,1
uk,Third quintile,Yes,1
uk,Fourth quintile,Yes,1
uk,Fifth quintile,Yes,1
uk,Third quintile,Yes,1
uk,Fourth quintile,Yes,1
uk,Second quintile,Yes,1
uk,Third quintile,Yes,1
uk,Second quintile,Yes,1
uk,Fourth quintile,Yes,1
uk,Fourth quintile,Yes,1
uk,Third quintile,Yes,1
uk,Second quintile,Yes,1
uk,Fourth quintile,Yes,1
uk,First quintile ,Yes,1
uk,Second quintile,No,0
uk,First quintile ,Yes,1
uk,First quintile ,Yes,1
uk,Second quintile,Yes,1
uk,Fifth quintile,Yes,1
uk,Fifth quintile,No,1
uk,First quintile ,Yes,1
uk,Fourth quintile,Yes,1
uk,Fourth quintile,Yes,1
uk,Third quintile,Yes,1
uk,Second quintile,Yes,1
uk,Fourth quintile,Yes,1
uk,Second quintile,Yes,1
uk,Second quintile,Yes,1
uk,Third quintile,Yes,1
uk,Fourth quintile,Yes,1
uk,Fourth quintile,Yes,1
uk,Fifth quintile,Yes,1
uk,Third quintile,Yes,1
uk,Third quintile,Yes,1
uk,Third quintile,Yes,1
uk,Third quintile,Yes,1
uk,Fifth quintile,Yes,1
uk,Third quintile,Yes,1
uk,Third quintile,Yes,1
uk,Third quintile,Yes,1
uk,Fourth quintile,Yes,1
uk,First quintile ,Yes,0
uk,Fifth quintile,Yes,1
uk,First quintile ,Yes,1
uk,Fourth quintile,No,1
uk,Third quintile,Yes,1
uk,Third quintile,Yes,1
uk,Third quintile,Yes,1
uk,Fourth quintile,Yes,1
uk,Fourth quintile,Yes,1
uk,Third quintile,Yes,1
uk,Fifth quintile,Yes,1
uk,Fifth quintile,Yes,1
uk,Fifth quintile,Yes,1
uk,Second quintile,Yes,1
uk,First quintile ,No,1
uk,Third quintile,Yes,1
uk,Second quintile,No,1
uk,Third quintile,Yes,1
uk,Second quintile,Yes,1
uk,Fourth quintile,Yes,1
uk,Fourth quintile,Yes,1
uk,Second quintile,Yes,1
uk,Fifth quintile,Yes,1
uk,First quintile ,No,1
uk,Fifth quintile,Yes,1
uk,Fourth quintile,Yes,1
uk,Second quintile,Yes,1
uk,Fourth quintile,Yes,1
uk,First quintile ,Yes,1
uk,First quintile ,Yes,1
uk,Fourth quintile,Yes,1
uk,Third quintile,Yes,1
uk,Second quintile,Yes,1
uk,Second quintile,Yes,1
uk,Third quintile,Yes,1
uk,Third quintile,Yes,1
uk,Third quintile,Yes,1
uk,Fourth quintile,Yes,1
uk,Third quintile,Yes,1
uk,Fifth quintile,No,1
uk,Fourth quintile,Yes,1
uk,First quintile ,No,1
uk,First quintile ,Yes,1
uk,Fourth quintile,No,1
uk,Fifth quintile,Yes,1
uk,Fourth quintile,Yes,1
uk,Second quintile,Yes,0
uk,Second quintile,Yes,1
uk,First quintile ,Yes,1
uk,Second quintile,Yes,1
uk,Fourth quintile,Yes,1
uk,Fourth quintile,Yes,1
uk,Second quintile,Yes,1
uk,Fifth quintile,Yes,1
uk,Prefer not to answer,Yes,1
uk,First quintile ,No,1
uk,Second quintile,No,1
uk,Fifth quintile,Yes,1
uk,First quintile ,No,1
uk,Fourth quintile,Yes,1
uk,Fourth quintile,Yes,1
uk,Second quintile,Yes,0
uk,Fourth quintile,Yes,1
uk,Third quintile,Yes,1
uk,First quintile ,No,1
uk,Third quintile,Yes,1
uk,Fourth quintile,Yes,1
uk,Fifth quintile,Yes,1
uk,Third quintile,Yes,1
uk,Fifth quintile,Yes,1
uk,First quintile ,No,1
uk,Second quintile,Yes,1
uk,Fifth quintile,Yes,1
uk,Third quintile,Yes,1
uk,First quintile ,Yes,1
uk,First quintile ,Yes,1
uk,First quintile ,Yes,1
uk,Fifth quintile,Yes,1
uk,Fourth quintile,Yes,1
uk,Second quintile,Yes,0
uk,Second quintile,Yes,1
uk,Second quintile,Yes,1
uk,First quintile ,Yes,1
uk,Fifth quintile,Yes,1
uk,Third quintile,Yes,1
uk,Fourth quintile,Yes,1
uk,Third quintile,Yes,1
uk,Prefer not to answer,Yes,1
uk,Fifth quintile,No,1
uk,Fifth quintile,No,1
uk,Third quintile,Yes,1
uk,First quintile ,Yes,1
uk,First quintile ,Yes,1
uk,Third quintile,No,0
uk,Second quintile,Yes,1
uk,Second quintile,Yes,1
uk,Fourth quintile,Yes,1
uk,Third quintile,Yes,1
uk,First quintile ,Yes,1
uk,Fourth quintile,Yes,1
uk,First quintile ,No,1
uk,First quintile ,Yes,1
uk,Third quintile,Yes,1
uk,Fifth quintile,Yes,1
uk,Second quintile,Yes,1
uk,Fifth quintile,Yes,1
uk,Fourth quintile,Yes,0
uk,Third quintile,Yes,1
uk,Third quintile,Yes,1
uk,Fifth quintile,Yes,1
uk,Third quintile,Yes,1
uk,Fourth quintile,Yes,1
uk,Second quintile,Yes,1
uk,Third quintile,Yes,1
uk,Fourth quintile,Yes,1
uk,Third quintile,Yes,1
uk,Second quintile,Yes,1
uk,First quintile ,Yes,1
uk,Fourth quintile,No,1
uk,Second quintile,Yes,1
uk,Second quintile,Yes,1
uk,Second quintile,Yes,1
uk,Fourth quintile,Yes,1
uk,Fifth quintile,Yes,1
uk,First quintile ,Yes,1
uk,Fourth quintile,Yes,1
uk,Fifth quintile,Yes,1
uk,Fifth quintile,Yes,1
uk,Fourth quintile,Yes,1
uk,Fifth quintile,Yes,1
uk,First quintile ,Yes,1
uk,Fourth quintile,Yes,0
uk,Fifth quintile,Yes,1
uk,First quintile ,Yes,1
uk,Fourth quintile,Yes,0
uk,Third quintile,Yes,1
uk,Fourth quintile,Yes,1
uk,First quintile ,No,1
uk,Third quintile,Yes,0
uk,Fourth quintile,Yes,1
uk,Fifth quintile,Yes,1
uk,Third quintile,Yes,1
uk,Fourth quintile,Yes,1
uk,Second quintile,Yes,1
uk,Second quintile,Yes,1
uk,Second quintile,No,1
uk,Second quintile,Yes,0
uk,Fifth quintile,Yes,1
uk,Second quintile,Yes,1
uk,Fourth quintile,Yes,1
uk,Fourth quintile,Yes,1
uk,First quintile ,Yes,1
uk,Third quintile,Yes,1
uk,First quintile ,Yes,1
uk,Fourth quintile,Yes,0
uk,First quintile ,Yes,1
uk,Second quintile,Yes,1
uk,Fifth quintile,Yes,1
uk,Fourth quintile,Yes,1
uk,Third quintile,Yes,1
uk,Fourth quintile,Yes,1
uk,Fifth quintile,Yes,1
uk,First quintile ,Yes,1
uk,Fourth quintile,Yes,1
uk,Second quintile,Yes,1
uk,Third quintile,Yes,1
uk,Fifth quintile,Yes,1
uk,Second quintile,Yes,1
uk,Fifth quintile,No,1
uk,Prefer not to answer,Yes,1
uk,Fourth quintile,Yes,1
uk,Second quintile,Yes,1
uk,Fourth quintile,Yes,1
uk,Fifth quintile,Yes,1
uk,Third quintile,Yes,1
uk,Fifth quintile,Yes,1
uk,Third quintile,Yes,1
uk,Third quintile,Yes,0
uk,Fifth quintile,Yes,1
uk,Fifth quintile,Yes,1
uk,Fourth quintile,Yes,1
uk,First quintile ,No,1
uk,Fourth quintile,Yes,1
uk,Second quintile,Yes,1
uk,Second quintile,No,1
uk,Second quintile,Yes,1
uk,Fourth quintile,Yes,1
uk,Third quintile,Yes,1
uk,Second quintile,Yes,1
uk,Fourth quintile,Yes,1
uk,Fifth quintile,Yes,0
uk,First quintile ,Yes,1
uk,Fifth quintile,Yes,1
uk,Fifth quintile,Yes,1
uk,Fifth quintile,Yes,1
uk,Fourth quintile,Yes,1
uk,Fourth quintile,Yes,1
uk,Second quintile,Yes,1
uk,Fifth quintile,Yes,1
uk,Fifth quintile,Yes,1
uk,Second quintile,Yes,1
uk,Third quintile,Yes,1
uk,Fifth quintile,Yes,1
uk,Second quintile,Yes,1
uk,Third quintile,Yes,1
uk,Fourth quintile,Yes,1
uk,Third quintile,Yes,1
uk,Second quintile,Yes,0
uk,Third quintile,Yes,0
uk,Third quintile,Yes,1
uk,Third quintile,Yes,1
uk,First quintile ,Yes,1
uk,Prefer not to answer,No,1
uk,Fifth quintile,Yes,1
uk,Fourth quintile,Yes,1
uk,Fourth quintile,Yes,0
uk,First quintile ,Yes,1
uk,Second quintile,Yes,1
uk,Fourth quintile,Yes,1
uk,Fourth quintile,Yes,1
uk,Fifth quintile,Yes,1
uk,Second quintile,Yes,1
uk,Fourth quintile,Yes,1
uk,First quintile ,No,1
uk,Fifth quintile,Yes,1
uk,Fourth quintile,Yes,1
uk,First quintile ,Yes,1
uk,Fourth quintile,No,1
uk,Fifth quintile,Yes,1
uk,Fourth quintile,Yes,1
uk,Fourth quintile,Yes,1
uk,Fourth quintile,Yes,1
uk,Second quintile,Yes,0
uk,Fifth quintile,Yes,1
uk,Fifth quintile,Yes,1
uk,Prefer not to answer,Yes,1
uk,Third quintile,Yes,1
uk,First quintile ,Yes,1
uk,First quintile ,Yes,1
uk,Fifth quintile,Yes,1
uk,Third quintile,Yes,1
uk,Fourth quintile,Yes,1
uk,Fifth quintile,Yes,1
uk,Fifth quintile,Yes,1
uk,Fifth quintile,Yes,1
uk,Fifth quintile,Yes,1
uk,Fourth quintile,No,1
uk,Fifth quintile,Yes,1
uk,Fifth quintile,Yes,1
uk,First quintile ,Yes,1
uk,Second quintile,Yes,1
uk,Second quintile,Yes,0
uk,Second quintile,Yes,0
uk,Third quintile,Yes,1
uk,Fifth quintile,Yes,1
uk,Fourth quintile,Yes,1
uk,Fifth quintile,Yes,1
uk,Third quintile,Yes,1
uk,Prefer not to answer,Yes,1
uk,Fourth quintile,Yes,1
uk,Third quintile,Yes,1
uk,Second quintile,Yes,1
uk,Second quintile,Yes,0
uk,Third quintile,Yes,1
uk,Fifth quintile,No,0
uk,Fourth quintile,Yes,1
uk,Second quintile,No,1
uk,Third quintile,Yes,1
uk,Third quintile,Yes,1
uk,Fifth quintile,Yes,1
uk,Second quintile,Yes,1
uk,Fourth quintile,Yes,0
uk,Third quintile,Yes,1
uk,Third quintile,Yes,1
uk,Second quintile,Yes,1
uk,Fifth quintile,Yes,1
uk,Fourth quintile,No,1
uk,Fourth quintile,Yes,1
uk,Fourth quintile,Yes,1
uk,Fourth quintile,No,1
uk,Fifth quintile,Yes,1
uk,Second quintile,Yes,1
uk,Second quintile,Yes,0
uk,Third quintile,Yes,1
uk,Fourth quintile,Yes,1
uk,Fourth quintile,Yes,1
uk,Second quintile,Yes,0
uk,Fourth quintile,Yes,1
uk,Prefer not to answer,No,1
uk,First quintile ,No,0
uk,Fourth quintile,Yes,1
uk,Third quintile,Yes,1
uk,Fifth quintile,Yes,1
uk,Third quintile,Yes,1
uk,Fifth quintile,Yes,1
uk,First quintile ,Yes,1
uk,Fifth quintile,Yes,1
uk,Fifth quintile,Yes,1
uk,Fourth quintile,Yes,1
uk,Fourth quintile,Yes,1
uk,First quintile ,Yes,1
uk,Fourth quintile,Yes,1
uk,Fourth quintile,No,1
uk,Fifth quintile,Yes,1
uk,Fourth quintile,Yes,1
uk,Third quintile,No,1
uk,First quintile ,Yes,1
uk,Third quintile,Yes,1
uk,Fifth quintile,Yes,1
uk,Fifth quintile,Yes,1
uk,First quintile ,No,1
uk,Second quintile,Yes,0
uk,First quintile ,No,1
uk,Fourth quintile,Yes,0
uk,Fifth quintile,Yes,1
uk,Fifth quintile,Yes,1
uk,Third quintile,Yes,0
uk,Fourth quintile,Yes,1
uk,Second quintile,Yes,1
uk,Fourth quintile,Yes,1
uk,Second quintile,Yes,1
uk,Second quintile,Yes,1
uk,Second quintile,Yes,1
uk,Third quintile,Yes,1
uk,Fourth quintile,Yes,1
uk,Third quintile,Yes,0
uk,First quintile ,Yes,1
uk,Fourth quintile,Yes,1
uk,Fifth quintile,Yes,1
uk,Second quintile,Yes,0
uk,First quintile ,Yes,1
uk,Fifth quintile,Yes,1
uk,First quintile ,No,1
uk,First quintile ,Yes,1
uk,Second quintile,Yes,0
uk,First quintile ,Yes,1
uk,Third quintile,Yes,1
uk,Second quintile,Yes,1
uk,Second quintile,Yes,0
uk,Fourth quintile,Yes,0
uk,First quintile ,Yes,1
uk,Fifth quintile,Yes,1
uk,First quintile ,No,1
uk,Fourth quintile,Yes,1
uk,Second quintile,Yes,1
uk,Second quintile,No,1
uk,Fifth quintile,Yes,1
uk,Fourth quintile,Yes,1
uk,Third quintile,Yes,0
uk,First quintile ,Yes,0
uk,Third quintile,Yes,1
uk,Fourth quintile,Yes,1
uk,Second quintile,Yes,1
uk,First quintile ,Yes,0
uk,Second quintile,Yes,1
uk,Third quintile,Yes,1
uk,Third quintile,Yes,1
uk,Second quintile,Yes,1
uk,Third quintile,Yes,1
uk,Third quintile,Yes,1
uk,Second quintile,Yes,1
uk,Fourth quintile,Yes,1
uk,Fifth quintile,Yes,1
uk,Fifth quintile,No,1
uk,Fourth quintile,Yes,1
uk,Fourth quintile,Yes,1
uk,Third quintile,No,1
uk,Second quintile,Yes,0
uk,First quintile ,No,1
uk,First quintile ,Yes,0
uk,Fourth quintile,Yes,0
uk,First quintile ,Yes,1
uk,Third quintile,Yes,1
uk,Second quintile,Yes,1
uk,Prefer not to answer,Yes,1
uk,First quintile ,Yes,1
uk,Third quintile,Yes,1
uk,Third quintile,Yes,1
uk,Fourth quintile,Yes,1
uk,Fifth quintile,Yes,1
uk,Second quintile,No,0
uk,Fourth quintile,Yes,1
uk,First quintile ,Yes,1
uk,First quintile ,Yes,0
uk,First quintile ,No,0
uk,Fifth quintile,Yes,1
uk,Fifth quintile,Yes,1
uk,Fifth quintile,No,1
uk,Third quintile,No,1
uk,Second quintile,Yes,1
uk,Second quintile,Yes,1
uk,Fourth quintile,Yes,1
uk,First quintile ,Yes,1
uk,Second quintile,Yes,1
uk,Fifth quintile,Yes,1
uk,First quintile ,Yes,0
uk,Third quintile,Yes,1
uk,Third quintile,Yes,1
uk,First quintile ,Yes,1
uk,Second quintile,Yes,1
uk,Fifth quintile,Yes,1
uk,Fifth quintile,Yes,1
uk,First quintile ,Yes,1
uk,Fifth quintile,Yes,1
uk,Fifth quintile,Yes,1
uk,Second quintile,Yes,1
uk,Fifth quintile,No,1
uk,Fourth quintile,Yes,1
uk,Second quintile,Yes,1
uk,First quintile ,Yes,1
uk,Second quintile,Yes,1
uk,First quintile ,Yes,1
uk,Third quintile,Yes,1
uk,First quintile ,Yes,1
uk,First quintile ,Yes,1
uk,First quintile ,Yes,1
uk,Third quintile,Yes,1
uk,Third quintile,Yes,1
uk,Fourth quintile,Yes,1
uk,Fourth quintile,Yes,0
uk,Third quintile,Yes,1
uk,Fourth quintile,Yes,1
uk,Fifth quintile,Yes,1
uk,First quintile ,Yes,1
uk,Fifth quintile,Yes,1
uk,Fourth quintile,Yes,1
uk,Prefer not to answer,No,1
uk,Second quintile,Yes,1
uk,Fourth quintile,Yes,1
uk,Second quintile,Yes,0
uk,Third quintile,Yes,1
uk,Second quintile,Yes,0
uk,Fifth quintile,Yes,1
uk,First quintile ,Yes,1
uk,Third quintile,Yes,1
uk,First quintile ,Yes,1
uk,Second quintile,Yes,1
uk,First quintile ,Yes,1
uk,Third quintile,Yes,0
uk,First quintile ,Yes,1
uk,Fifth quintile,Yes,1
uk,Third quintile,Yes,1
uk,Fourth quintile,Yes,1
uk,Second quintile,Yes,1
uk,Second quintile,No,1
uk,Fourth quintile,Yes,1
uk,Fourth quintile,No,1
uk,Fifth quintile,Yes,1
uk,Fourth quintile,Yes,1
uk,Second quintile,Yes,1
uk,Third quintile,Yes,1
uk,First quintile ,Yes,1
uk,Third quintile,Yes,0
uk,Fourth quintile,Yes,1
uk,Fifth quintile,Yes,1
uk,Fourth quintile,Yes,1
uk,Fourth quintile,Yes,1
uk,Third quintile,Yes,1
uk,First quintile ,Yes,1
uk,Third quintile,Yes,1
uk,Fourth quintile,Yes,1
uk,Fifth quintile,Yes,1
uk,Third quintile,No,1
uk,Second quintile,Yes,1
uk,Third quintile,Yes,1
uk,Fifth quintile,Yes,1
uk,Fourth quintile,Yes,1
uk,Third quintile,Yes,1
uk,Third quintile,Yes,1
uk,Fourth quintile,No,1
uk,Prefer not to answer,Yes,1
uk,Fourth quintile,Yes,1
uk,Third quintile,Yes,0
uk,First quintile ,No,1
uk,Third quintile,Yes,1
uk,Fifth quintile,Yes,1
uk,First quintile ,Yes,1
uk,Fourth quintile,Yes,1
uk,Fourth quintile,Yes,1
uk,Fifth quintile,Yes,1
uk,Third quintile,Yes,1
uk,Prefer not to answer,No,1
uk,Fifth quintile,Yes,1
uk,Fifth quintile,Yes,1
uk,Third quintile,Yes,1
uk,First quintile ,Yes,1
uk,Third quintile,Yes,1
uk,Fifth quintile,Yes,1
uk,First quintile ,No,1
uk,Third quintile,Yes,1
uk,Second quintile,Yes,1
uk,First quintile ,Yes,1
uk,Fifth quintile,Yes,1
uk,Fifth quintile,Yes,1
uk,Fourth quintile,Yes,1
uk,Second quintile,Yes,0
uk,Third quintile,Yes,0
uk,Fifth quintile,Yes,1
uk,Fourth quintile,Yes,1
uk,First quintile ,Yes,1
uk,Third quintile,Yes,1
uk,Second quintile,Yes,1
uk,Third quintile,Yes,1
uk,Fifth quintile,Yes,1
uk,Fourth quintile,Yes,1
uk,Fourth quintile,Yes,1
uk,Second quintile,Yes,1
uk,Fourth quintile,Yes,1
uk,First quintile ,Yes,1
uk,Fifth quintile,Yes,1
uk,First quintile ,Yes,1
uk,Third quintile,Yes,1
uk,First quintile ,Yes,1
uk,First quintile ,Yes,0
uk,Fourth quintile,Yes,1
uk,Fifth quintile,Yes,1
uk,Second quintile,Yes,1
uk,First quintile ,Yes,0
uk,First quintile ,Yes,1
uk,Fourth quintile,Yes,1
uk,Third quintile,No,0
uk,First quintile ,No,1
uk,Second quintile,No,1
uk,Third quintile,Yes,1
uk,Second quintile,Yes,1
uk,Fifth quintile,Yes,1
uk,First quintile ,Yes,1
uk,Fifth quintile,Yes,1
uk,Third quintile,Yes,1
uk,First quintile ,Yes,1
uk,Fifth quintile,Yes,1
uk,Fifth quintile,Yes,0
uk,Third quintile,Yes,1
uk,First quintile ,Yes,0
uk,Third quintile,Yes,1
uk,First quintile ,Yes,1
uk,First quintile ,Yes,1
uk,Second quintile,Yes,1
uk,Fourth quintile,Yes,1
uk,Fifth quintile,No,1
uk,First quintile ,Yes,1
uk,Fourth quintile,Yes,1
uk,Second quintile,Yes,1
uk,Second quintile,Yes,1
uk,Fifth quintile,Yes,1
uk,First quintile ,Yes,1
uk,Fourth quintile,Yes,1
uk,Second quintile,Yes,1
uk,Fifth quintile,Yes,1
uk,First quintile ,Yes,1
uk,Fourth quintile,Yes,1
uk,Fourth quintile,Yes,1
uk,First quintile ,Yes,1
uk,Fourth quintile,Yes,1
uk,Fourth quintile,Yes,1
uk,Third quintile,Yes,1
uk,First quintile ,Yes,0
uk,First quintile ,Yes,1
uk,Second quintile,Yes,1
uk,Second quintile,Yes,0
uk,Second quintile,Yes,1
uk,First quintile ,Yes,1
uk,Fourth quintile,Yes,1
uk,Fourth quintile,Yes,1
uk,Fourth quintile,Yes,1
uk,Second quintile,Yes,0
uk,Second quintile,Yes,1
uk,Fourth quintile,Yes,1
uk,Second quintile,Yes,0
uk,First quintile ,Yes,1
uk,Second quintile,Yes,1
uk,Second quintile,No,0
uk,Third quintile,Yes,1
uk,Second quintile,Yes,1
uk,Third quintile,Yes,1
uk,Fifth quintile,Yes,1
uk,Fourth quintile,Yes,1
uk,Second quintile,Yes,0
uk,Fifth quintile,Yes,1
uk,Second quintile,Yes,0
uk,Fourth quintile,No,1
uk,First quintile ,Yes,1
uk,Third quintile,Yes,1
uk,Fourth quintile,Yes,1
uk,Fourth quintile,No,1
uk,Third quintile,No,1
uk,First quintile ,Yes,0
uk,First quintile ,Yes,1
uk,Fourth quintile,No,1
uk,First quintile ,No,1
uk,Third quintile,Yes,1
uk,First quintile ,Yes,0
uk,Second quintile,Yes,1
uk,Second quintile,Yes,1
uk,Third quintile,Yes,1
uk,Third quintile,Yes,1
uk,Second quintile,Yes,1
uk,First quintile ,Yes,1
uk,Third quintile,Yes,0
uk,Second quintile,Yes,1
uk,Fourth quintile,Yes,1
uk,Second quintile,Yes,1
uk,First quintile ,Yes,1
uk,Second quintile,Yes,1
uk,Second quintile,Yes,1
uk,Fifth quintile,Yes,1
uk,Third quintile,Yes,1
uk,Second quintile,Yes,1
uk,First quintile ,Yes,1
uk,Second quintile,Yes,1
uk,Second quintile,Yes,1
uk,Fourth quintile,Yes,0
uk,Second quintile,Yes,0
uk,Prefer not to answer,Yes,1
uk,Fourth quintile,Yes,1
uk,First quintile ,No,1
us,Third quintile,No,0
us,Third quintile,Yes,1
us,First quintile ,Yes,0
us,Second quintile,Yes,1
us,Fourth quintile,Yes,0
us,Second quintile,Yes,1
us,Fifth quintile,Yes,1
us,Fifth quintile,Yes,1
us,Fifth quintile,Yes,1
us,Fourth quintile,Yes,1
us,Fifth quintile,Yes,1
us,Second quintile,Yes,0
us,Second quintile,Yes,1
us,Third quintile,Yes,1
us,Fifth quintile,Yes,1
us,Third quintile,Yes,1
us,Fifth quintile,Yes,1
us,Fifth quintile,Yes,1
us,Fourth quintile,Yes,0
us,Third quintile,No,1
us,First quintile ,No,1
us,First quintile ,Yes,1
us,Fifth quintile,Yes,1
us,Third quintile,No,1
us,Second quintile,Yes,1
us,Fourth quintile,Yes,1
us,Fifth quintile,Yes,1
us,Fifth quintile,Yes,1
us,First quintile ,Yes,1
us,First quintile ,Yes,1
us,Second quintile,Yes,1
us,Third quintile,Yes,1
us,Fifth quintile,Yes,1
us,Second quintile,Yes,0
us,Third quintile,Yes,1
us,Third quintile,Yes,1
us,Second quintile,Yes,1
us,Fourth quintile,Yes,1
us,Fourth quintile,Yes,1
us,First quintile ,Yes,1
us,Fourth quintile,No,1
us,Fifth quintile,Yes,0
us,Third quintile,No,0
us,Third quintile,Yes,1
us,Second quintile,Yes,1
us,Third quintile,Yes,1
us,Fourth quintile,Yes,1
us,Fifth quintile,Yes,1
us,Third quintile,Yes,1
us,Second quintile,Yes,1
us,Third quintile,Yes,1
us,Fourth quintile,Yes,1
us,Fourth quintile,Yes,1
us,First quintile ,Yes,1
us,Third quintile,Yes,1
us,First quintile ,Yes,1
us,Fourth quintile,Yes,1
us,First quintile ,Yes,0
us,Fourth quintile,Yes,0
us,Third quintile,Yes,1
us,Second quintile,Yes,1
us,Fourth quintile,Yes,1
us,Fourth quintile,Yes,1
us,Second quintile,Yes,1
us,First quintile ,Yes,1
us,Second quintile,Yes,1
us,Fourth quintile,No,1
us,Fifth quintile,Yes,1
us,Third quintile,Yes,1
us,Second quintile,Yes,0
us,First quintile ,No,1
us,Third quintile,Yes,1
us,Second quintile,Yes,1
us,Second quintile,Yes,1
us,Fourth quintile,Yes,1
us,First quintile ,No,0
us,Second quintile,Yes,1
us,Second quintile,Yes,1
us,First quintile ,Yes,1
us,Fifth quintile,Yes,1
us,Fourth quintile,Yes,0
us,Third quintile,Yes,1
us,Third quintile,Yes,1
us,First quintile ,Yes,0
us,Prefer not to answer,Yes,1
us,Second quintile,Yes,1
us,First quintile ,Yes,1
us,Third quintile,No,1
us,Second quintile,Yes,1
us,Fourth quintile,Yes,1
us,Fourth quintile,Yes,1
us,Third quintile,Yes,1
us,Third quintile,Yes,1
us,Fourth quintile,No,1
us,Fourth quintile,No,1
us,Fourth quintile,No,1
us,Fourth quintile,Yes,1
us,Third quintile,Yes,1
us,Fifth quintile,Yes,1
us,Fifth quintile,Yes,1
us,Prefer not to answer,Yes,1
us,Fifth quintile,Yes,1
us,Second quintile,No,1
us,First quintile ,Yes,1
us,Third quintile,Yes,0
us,Fourth quintile,Yes,1
us,First quintile ,Yes,1
us,Fourth quintile,Yes,1
us,First quintile ,Yes,0
us,First quintile ,Yes,1
us,Second quintile,Yes,1
us,Fourth quintile,Yes,1
us,Prefer not to answer,Yes,1
us,First quintile ,No,1
us,Fourth quintile,Yes,1
us,Third quintile,Yes,0
us,Third quintile,Yes,1
us,First quintile ,Yes,1
us,Fifth quintile,Yes,1
us,Fourth quintile,Yes,1
us,Fifth quintile,Yes,1
us,Second quintile,Yes,1
us,Fourth quintile,Yes,1
us,First quintile ,Yes,0
us,First quintile ,Yes,1
us,Fourth quintile,Yes,1
us,Second quintile,Yes,1
us,Third quintile,Yes,1
us,Second quintile,Yes,1
us,First quintile ,Yes,1
us,Second quintile,Yes,0
us,First quintile ,Yes,1
us,Third quintile,Yes,0
us,Fourth quintile,Yes,1
us,Third quintile,Yes,1
us,Fourth quintile,Yes,1
us,Second quintile,Yes,0
us,Fourth quintile,Yes,1
us,Second quintile,Yes,1
us,Second quintile,Yes,1
us,Fifth quintile,Yes,1
us,Third quintile,Yes,0
us,Third quintile,Yes,1
us,Second quintile,Yes,0
us,Fourth quintile,Yes,1
us,Fifth quintile,Yes,1
us,Fifth quintile,Yes,1
us,Second quintile,Yes,1
us,First quintile ,No,1
us,Third quintile,No,1
us,Fourth quintile,Yes,1
us,Fourth quintile,Yes,1
us,Second quintile,Yes,1
us,Third quintile,Yes,1
us,Third quintile,Yes,1
us,Third quintile,Yes,0
us,First quintile ,Yes,0
us,Fifth quintile,Yes,0
us,Fifth quintile,Yes,1
us,Fifth quintile,Yes,1
us,Second quintile,No,0
us,Fourth quintile,Yes,1
us,Third quintile,Yes,1
us,First quintile ,Yes,1
us,Second quintile,Yes,1
us,Fourth quintile,Yes,1
us,First quintile ,Yes,1
us,Fourth quintile,Yes,1
us,Fourth quintile,Yes,1
us,Second quintile,Yes,1
us,Fourth quintile,Yes,1
us,First quintile ,Yes,1
us,Fourth quintile,Yes,1
us,Fourth quintile,Yes,0
us,Fifth quintile,Yes,1
us,Third quintile,Yes,1
us,Fifth quintile,Yes,1
us,Fifth quintile,Yes,1
us,First quintile ,Yes,1
us,First quintile ,Yes,0
us,Fourth quintile,Yes,1
us,Fifth quintile,Yes,1
us,Third quintile,Yes,1
us,Third quintile,Yes,1
us,Fourth quintile,Yes,1
us,First quintile ,Yes,1
us,Third quintile,Yes,1
us,Third quintile,Yes,1
us,Fourth quintile,Yes,1
us,Fourth quintile,Yes,1
us,First quintile ,Yes,1
us,First quintile ,Yes,1
us,Fourth quintile,Yes,1
us,Fourth quintile,Yes,1
us,First quintile ,Yes,1
us,Fifth quintile,Yes,1
us,Third quintile,Yes,1
us,Fourth quintile,Yes,1
us,Fifth quintile,Yes,1
us,Third quintile,Yes,1
us,Second quintile,Yes,1
us,Second quintile,No,0
us,Fifth quintile,No,1
us,First quintile ,Yes,1
us,Third quintile,Yes,1
us,Second quintile,No,1
us,Fourth quintile,Yes,1
us,First quintile ,Yes,1
us,Second quintile,No,1
us,Third quintile,No,1
us,First quintile ,No,1
us,Third quintile,Yes,1
us,Fifth quintile,Yes,1
us,Fifth quintile,Yes,1
us,Fourth quintile,Yes,1
us,Second quintile,Yes,1
us,Second quintile,Yes,1
us,Fifth quintile,Yes,1
us,Third quintile,Yes,1
us,First quintile ,Yes,0
us,Second quintile,Yes,1
us,Fourth quintile,Yes,1
us,First quintile ,Yes,1
us,Second quintile,Yes,1
us,Third quintile,No,1
us,Fifth quintile,Yes,1
us,Fourth quintile,Yes,0
us,Fourth quintile,Yes,1
us,First quintile ,Yes,1
us,Fifth quintile,Yes,1
us,Fifth quintile,Yes,1
us,Second quintile,Yes,1
us,Second quintile,Yes,1
us,Fifth quintile,Yes,1
us,Fourth quintile,Yes,1
us,Second quintile,Yes,1
us,First quintile ,Yes,0
us,First quintile ,Yes,1
us,Third quintile,Yes,1
us,Fourth quintile,Yes,1
us,Fourth quintile,Yes,1
us,Fourth quintile,Yes,1
us,Fifth quintile,Yes,1
us,First quintile ,Yes,0
us,Third quintile,Yes,0
us,Third quintile,Yes,1
us,Fourth quintile,Yes,1
us,Fourth quintile,Yes,1
us,Second quintile,Yes,1
us,Fourth quintile,Yes,1
us,Third quintile,Yes,0
us,Third quintile,Yes,1
us,Fifth quintile,Yes,1
us,Fourth quintile,Yes,1
us,Fourth quintile,Yes,1
us,Prefer not to answer,Yes,1
us,Prefer not to answer,Yes,0
us,First quintile ,Yes,1
us,Fourth quintile,Yes,1
us,Fifth quintile,Yes,1
us,Fourth quintile,Yes,0
us,First quintile ,Yes,1
us,First quintile ,Yes,1
us,Third quintile,Yes,1
us,First quintile ,Yes,1
us,First quintile ,Yes,1
us,Third quintile,Yes,1
us,Fourth quintile,Yes,0
us,Fourth quintile,Yes,1
us,First quintile ,No,0
us,Fourth quintile,Yes,1
us,Fourth quintile,Yes,1
us,Third quintile,Yes,1
us,Fifth quintile,Yes,0
us,Third quintile,No,0
us,First quintile ,Yes,1
us,Second quintile,Yes,1
us,Fourth quintile,Yes,1
us,Prefer not to answer,No,0
us,First quintile ,Yes,1
us,First quintile ,No,1
us,First quintile ,Yes,1
us,Second quintile,Yes,1
us,Third quintile,Yes,1
us,Fifth quintile,Yes,1
us,Third quintile,Yes,1
us,First quintile ,Yes,0
us,Second quintile,Yes,0
us,First quintile ,Yes,1
us,Second quintile,No,1
us,Fifth quintile,Yes,1
us,Second quintile,Yes,1
us,First quintile ,Yes,0
us,Second quintile,Yes,1
us,Second quintile,No,1
us,Third quintile,Yes,1
us,Third quintile,Yes,1
us,Second quintile,Yes,0
us,Fifth quintile,Yes,0
us,Fifth quintile,Yes,0
us,First quintile ,No,1
us,Fifth quintile,Yes,1
us,First quintile ,Yes,1
us,Second quintile,Yes,1
us,Third quintile,Yes,0
us,Third quintile,Yes,1
us,Fourth quintile,Yes,1
us,Fifth quintile,Yes,1
us,Second quintile,Yes,1
us,Third quintile,Yes,1
us,Fourth quintile,Yes,1
us,Second quintile,Yes,1
us,Third quintile,Yes,1
us,Fifth quintile,Yes,0
us,Third quintile,No,1
us,Second quintile,Yes,1
us,Second quintile,No,1
us,First quintile ,Yes,0
us,Second quintile,No,1
us,Third quintile,Yes,1
us,Second quintile,Yes,1
us,Third quintile,Yes,1
us,Fourth quintile,Yes,1
us,Second quintile,Yes,1
us,Second quintile,Yes,0
us,Second quintile,Yes,1
us,Fourth quintile,Yes,0
us,First quintile ,Yes,1
us,Third quintile,Yes,1
us,Fifth quintile,Yes,1
us,Third quintile,Yes,1
us,Third quintile,No,1
us,Fourth quintile,Yes,1
us,Fourth quintile,Yes,1
us,Second quintile,Yes,1
us,Fourth quintile,Yes,1
us,Fourth quintile,Yes,1
us,Fourth quintile,Yes,1
us,Fifth quintile,Yes,1
us,Fifth quintile,Yes,1
us,First quintile ,Yes,1
us,Second quintile,Yes,0
us,First quintile ,Yes,1
us,First quintile ,No,1
us,First quintile ,Yes,1
us,First quintile ,Yes,1
us,Third quintile,Yes,1
us,Second quintile,No,1
us,Third quintile,Yes,1
us,Fifth quintile,Yes,1
us,Second quintile,Yes,1
us,Second quintile,Yes,0
us,Third quintile,Yes,1
us,Second quintile,Yes,1
us,Third quintile,Yes,1
us,Second quintile,No,1
us,Fourth quintile,Yes,1
us,Third quintile,Yes,1
us,Fifth quintile,Yes,1
us,Fourth quintile,Yes,1
us,Third quintile,Yes,1
us,Fourth quintile,Yes,1
us,Third quintile,Yes,0
us,First quintile ,No,1
us,Fifth quintile,Yes,1
us,Second quintile,Yes,1
us,Third quintile,Yes,1
us,Third quintile,Yes,0
us,Fourth quintile,Yes,1
us,First quintile ,Yes,1
us,Third quintile,Yes,1
us,Fourth quintile,Yes,1
us,Second quintile,Yes,1
us,Second quintile,Yes,1
us,First quintile ,Yes,1
us,Fourth quintile,Yes,1
us,First quintile ,Yes,1
us,Second quintile,Yes,1
us,Third quintile,Yes,0
us,First quintile ,Yes,1
us,Third quintile,Yes,1
us,Third quintile,Yes,1
us,Prefer not to answer,No,1
us,Fourth quintile,Yes,1
us,Fourth quintile,No,1
us,Fourth quintile,Yes,1
us,Second quintile,No,1
us,Fourth quintile,Yes,1
us,Fifth quintile,Yes,1
us,First quintile ,Yes,1
us,Third quintile,Yes,1
us,Third quintile,Yes,1
us,Second quintile,Yes,1
us,Third quintile,Yes,1
us,Third quintile,Yes,1
us,Fifth quintile,Yes,0
us,Second quintile,Yes,0
us,First quintile ,No,0
us,Third quintile,Yes,1
us,Third quintile,Yes,1
us,First quintile ,Yes,0
us,Third quintile,No,1
us,Second quintile,Yes,1
us,Fourth quintile,Yes,1
us,Third quintile,Yes,1
us,Third quintile,Yes,1
us,Fifth quintile,Yes,1
us,Fourth quintile,Yes,1
us,Third quintile,Yes,1
us,First quintile ,Yes,1
us,Fifth quintile,Yes,1
us,First quintile ,Yes,1
us,Second quintile,No,1
us,Fourth quintile,Yes,1
us,Fifth quintile,Yes,1
us,Fourth quintile,Yes,1
us,Fifth quintile,Yes,1
us,First quintile ,Yes,0
us,Third quintile,Yes,1
us,First quintile ,Yes,1
us,Third quintile,Yes,1
us,Third quintile,Yes,1
us,Third quintile,Yes,1
us,Fourth quintile,Yes,1
us,Fourth quintile,Yes,1
us,Third quintile,Yes,1
us,Fifth quintile,Yes,1
us,First quintile ,Yes,1
us,Second quintile,No,1
us,Third quintile,Yes,1
us,Fourth quintile,Yes,1
us,First quintile ,Yes,1
us,Fifth quintile,Yes,1
us,Second quintile,Yes,1
us,Fourth quintile,Yes,1
us,First quintile ,Yes,1
us,Second quintile,Yes,1
us,Third quintile,Yes,1
us,First quintile ,Yes,1
us,Second quintile,Yes,1
us,Fourth quintile,Yes,1
us,First quintile ,Yes,1
us,Third quintile,Yes,1
us,Second quintile,Yes,1
us,Fourth quintile,No,1
us,Fifth quintile,Yes,1
us,Fifth quintile,Yes,1
us,Second quintile,Yes,1
us,Third quintile,Yes,1
us,First quintile ,Yes,0
us,Third quintile,Yes,1
us,Third quintile,Yes,1
us,Fourth quintile,Yes,1
us,Fourth quintile,Yes,1
us,Second quintile,Yes,0
us,Second quintile,Yes,1
us,Second quintile,Yes,1
us,Fourth quintile,Yes,1
us,Fourth quintile,Yes,1
us,Fifth quintile,Yes,1
us,Fourth quintile,Yes,1
us,Second quintile,Yes,1
us,Fourth quintile,Yes,1
us,Fourth quintile,Yes,1
us,Second quintile,Yes,1
us,Prefer not to answer,No,1
us,Second quintile,Yes,1
us,Third quintile,Yes,1
us,First quintile ,Yes,1
us,Third quintile,Yes,1
us,Second quintile,No,0
us,Second quintile,No,1
us,Fourth quintile,Yes,1
us,Fourth quintile,Yes,1
us,Second quintile,No,1
us,Second quintile,Yes,0
us,Third quintile,Yes,0
us,First quintile ,Yes,1
us,Second quintile,Yes,1
us,First quintile ,Yes,1
us,Fourth quintile,Yes,1
us,Third quintile,Yes,1
us,First quintile ,Yes,1
us,First quintile ,Yes,0
us,First quintile ,No,1
us,Second quintile,Yes,0
us,Third quintile,Yes,1
us,Fourth quintile,Yes,1
us,Second quintile,Yes,1
us,Third quintile,Yes,0
us,Third quintile,Yes,1
us,Second quintile,Yes,1
us,Third quintile,Yes,1
us,First quintile ,Yes,1
us,Fifth quintile,Yes,1
us,Fifth quintile,No,1
us,Fourth quintile,Yes,1
us,Second quintile,Yes,1
us,Third quintile,Yes,1
us,Fifth quintile,Yes,1
us,Third quintile,Yes,1
us,Second quintile,Yes,1
us,Fifth quintile,Yes,1
us,Third quintile,Yes,1
us,Third quintile,Yes,1
us,Fourth quintile,Yes,1
us,Third quintile,Yes,1
us,Second quintile,Yes,1
us,Fifth quintile,Yes,1
us,Fourth quintile,Yes,1
us,Second quintile,Yes,1
us,Fifth quintile,Yes,1
us,First quintile ,Yes,1
us,Second quintile,Yes,1
us,First quintile ,Yes,0
us,Fourth quintile,Yes,1
us,Fourth quintile,Yes,1
us,First quintile ,Yes,1
us,Third quintile,Yes,1
us,Fourth quintile,Yes,1
us,Third quintile,No,1
us,Third quintile,Yes,1
us,Fourth quintile,No,1
us,Fourth quintile,Yes,1
us,First quintile ,Yes,0
us,Fifth quintile,Yes,1
us,Third quintile,Yes,1
us,Third quintile,Yes,1
us,First quintile ,Yes,0
us,Fifth quintile,Yes,1
us,Fourth quintile,Yes,1
us,Fourth quintile,Yes,1
us,Third quintile,Yes,1
us,Second quintile,Yes,1
us,Third quintile,Yes,1
us,Second quintile,Yes,1
us,Fifth quintile,Yes,0
us,Fifth quintile,Yes,1
us,First quintile ,Yes,1
us,Fourth quintile,Yes,1
us,Fourth quintile,Yes,1
us,Third quintile,Yes,1
us,Third quintile,Yes,1
us,Second quintile,No,1
us,Third quintile,Yes,1
us,Third quintile,Yes,0
us,Second quintile,Yes,0
us,Second quintile,No,1
us,Fifth quintile,Yes,1
us,Fifth quintile,Yes,1
us,Fifth quintile,Yes,1
us,Third quintile,Yes,1
us,Fifth quintile,Yes,1
us,Third quintile,Yes,1
us,Second quintile,No,0
us,Third quintile,Yes,1
us,Fifth quintile,Yes,1
us,Fourth quintile,Yes,1
us,First quintile ,Yes,0
us,Fifth quintile,Yes,1
us,Fifth quintile,Yes,1
us,Fifth quintile,Yes,1
us,Fourth quintile,No,0
us,Third quintile,Yes,1
us,Second quintile,Yes,1
us,First quintile ,Yes,0
us,Fifth quintile,Yes,0
us,First quintile ,Yes,1
us,Second quintile,No,1
us,Fifth quintile,Yes,1
us,Fifth quintile,Yes,1
us,Fifth quintile,Yes,1
us,Fourth quintile,Yes,1
us,Third quintile,Yes,0
us,Third quintile,Yes,1
us,Fifth quintile,Yes,1
us,Fifth quintile,Yes,0
us,Third quintile,Yes,1
us,Fifth quintile,Yes,1
us,Fifth quintile,Yes,1
us,Fifth quintile,Yes,1
us,Fifth quintile,Yes,0
us,Fourth quintile,Yes,1
us,Fourth quintile,Yes,1
us,First quintile ,No,0
us,Fifth quintile,Yes,1
us,Third quintile,Yes,0
us,Fourth quintile,Yes,1
us,Fourth quintile,Yes,1
us,First quintile ,Yes,0
us,Prefer not to answer,Yes,1
us,First quintile ,No,1
us,Second quintile,Yes,0
us,Fourth quintile,Yes,1
us,Prefer not to answer,Yes,1
us,Fourth quintile,No,1
us,Fifth quintile,No,1
us,Fifth quintile,Yes,1
us,Fifth quintile,Yes,1
us,Fourth quintile,Yes,1
us,Third quintile,No,1
us,Fourth quintile,Yes,1
us,Third quintile,Yes,1
us,Fourth quintile,Yes,1
us,Fourth quintile,Yes,1
us,Fourth quintile,Yes,1
us,Fifth quintile,Yes,1
us,Fifth quintile,Yes,1
us,Third quintile,Yes,1
us,Second quintile,Yes,0
us,Fifth quintile,Yes,1
us,First quintile ,No,0
us,Fifth quintile,Yes,0
us,First quintile ,No,0
us,Fifth quintile,Yes,1
us,Fourth quintile,Yes,0
us,Third quintile,Yes,0
us,Third quintile,Yes,1
us,Fifth quintile,Yes,0
us,Fifth quintile,Yes,1
us,Second quintile,Yes,1
us,Fourth quintile,Yes,1
us,First quintile ,Yes,0
us,Fifth quintile,Yes,1
us,Fourth quintile,Yes,1
us,Fifth quintile,Yes,1
us,Fifth quintile,Yes,1
us,Fifth quintile,Yes,1
us,First quintile ,Yes,1
us,Fourth quintile,Yes,1
us,Fifth quintile,Yes,1
us,Fifth quintile,No,1
us,Fifth quintile,Yes,1
us,First quintile ,No,1
us,Fifth quintile,Yes,0
us,Second quintile,Yes,1
us,First quintile ,Yes,0
us,Fifth quintile,Yes,1
us,Second quintile,Yes,1
us,First quintile ,Yes,1
us,Third quintile,Yes,1
us,Fourth quintile,Yes,1
us,Fifth quintile,Yes,1
us,Fourth quintile,Yes,1
us,First quintile ,Yes,0
us,Fifth quintile,Yes,1
us,Fifth quintile,Yes,1
us,Second quintile,No,1
us,Third quintile,No,1
us,Fourth quintile,Yes,1
us,Fourth quintile,Yes,1
us,Fourth quintile,Yes,1
us,First quintile ,Yes,1
us,Fifth quintile,Yes,1
us,Fourth quintile,Yes,1
us,Second quintile,Yes,1
us,Fifth quintile,No,1
us,First quintile ,Yes,0
us,Fifth quintile,Yes,1
us,Fourth quintile,Yes,1
us,Fifth quintile,Yes,0
us,Third quintile,Yes,1
us,Fourth quintile,Yes,1
us,Third quintile,Yes,1
us,Second quintile,Yes,1
us,Third quintile,Yes,1
us,Fifth quintile,Yes,1
us,First quintile ,Yes,0
us,Fifth quintile,Yes,1
us,First quintile ,Yes,1
us,Second quintile,Yes,1
us,Fifth quintile,Yes,1
us,Fourth quintile,Yes,0
us,Second quintile,Yes,1
us,Fifth quintile,Yes,1
us,Fifth quintile,No,1
us,Fourth quintile,Yes,1
us,Fourth quintile,Yes,1
us,Second quintile,Yes,1
us,Fourth quintile,Yes,0
us,Fifth quintile,Yes,1
us,Second quintile,Yes,1
us,Third quintile,Yes,1
us,First quintile ,Yes,0
us,First quintile ,Yes,0
us,Fifth quintile,Yes,1
us,Fourth quintile,Yes,0
us,Fourth quintile,Yes,1
us,Fourth quintile,Yes,1
us,Fifth quintile,Yes,1
us,Second quintile,Yes,1
us,Third quintile,Yes,1
us,First quintile ,Yes,0
us,Fifth quintile,Yes,1
us,First quintile ,Yes,1
us,Third quintile,Yes,1
us,Fourth quintile,Yes,1
us,Fourth quintile,Yes,1
us,Second quintile,Yes,1
us,Fourth quintile,Yes,1
us,Fourth quintile,Yes,1
us,First quintile ,Yes,1
us,First quintile ,Yes,0
us,Fifth quintile,Yes,1
us,First quintile ,Yes,1
us,Fifth quintile,Yes,1
us,Fourth quintile,Yes,1
us,Fifth quintile,Yes,1
us,Fifth quintile,Yes,1
us,Third quintile,Yes,1
us,Second quintile,Yes,1
us,Fourth quintile,Yes,1
us,First quintile ,No,0
us,Fifth quintile,Yes,1
us,First quintile ,Yes,1
us,Fifth quintile,Yes,0
us,Fifth quintile,No,1
us,First quintile ,Yes,0
us,Second quintile,No,0
us,Second quintile,Yes,0
us,Second quintile,Yes,1
us,First quintile ,Yes,1
us,Fourth quintile,Yes,1
us,Fourth quintile,Yes,0
us,Fifth quintile,Yes,1
us,Fourth quintile,Yes,1
us,Third quintile,Yes,1
us,Fifth quintile,Yes,1
us,Fourth quintile,Yes,1
us,Third quintile,Yes,1
us,Fourth quintile,Yes,1
us,Fifth quintile,Yes,1
us,Fourth quintile,Yes,1
us,Second quintile,Yes,0
us,Third quintile,Yes,1
us,First quintile ,Yes,1
us,Third quintile,Yes,1
us,Fifth quintile,Yes,1
us,Fifth quintile,Yes,0
us,Fourth quintile,Yes,1
us,First quintile ,Yes,0
us,Fifth quintile,Yes,1
us,Fourth quintile,Yes,1
us,First quintile ,Yes,1
us,First quintile ,Yes,1
us,Second quintile,No,0
us,Third quintile,Yes,0
us,Fourth quintile,Yes,1
us,Fourth quintile,Yes,1
us,Third quintile,Yes,1
us,Second quintile,Yes,1
us,Fourth quintile,Yes,1
us,Third quintile,Yes,1
us,Fifth quintile,Yes,1
us,Second quintile,Yes,1
us,Second quintile,No,1
us,Third quintile,Yes,1
us,Fourth quintile,Yes,1
us,First quintile ,No,1
us,Second quintile,Yes,1
us,First quintile ,Yes,1
us,Prefer not to answer,Yes,1
us,Fourth quintile,Yes,1
us,Fourth quintile,Yes,1
us,Fourth quintile,Yes,1
us,Second quintile,Yes,1
us,Fifth quintile,Yes,1
us,Fourth quintile,Yes,0
us,Fifth quintile,Yes,1
us,Second quintile,Yes,1
us,Third quintile,Yes,1
us,Prefer not to answer,No,1
us,Second quintile,Yes,1
us,Fifth quintile,Yes,1
us,Fourth quintile,No,0
us,Fifth quintile,Yes,1
us,First quintile ,No,0
us,Third quintile,Yes,0
us,Second quintile,Yes,1
us,Fourth quintile,Yes,1
us,Fifth quintile,Yes,1
us,Fourth quintile,Yes,1
us,Prefer not to answer,No,1
us,Fourth quintile,No,1
us,Fifth quintile,Yes,1
us,Fifth quintile,No,1
us,Fourth quintile,Yes,1
us,Fourth quintile,Yes,1
us,Third quintile,Yes,1
us,Third quintile,Yes,1
us,Fourth quintile,Yes,1
us,Fourth quintile,Yes,1
us,Fourth quintile,Yes,1
us,Third quintile,Yes,1
us,Fourth quintile,Yes,1
us,Fourth quintile,Yes,1
us,Third quintile,No,1
us,Fourth quintile,Yes,1
us,Third quintile,Yes,1
us,Second quintile,Yes,1
us,Fourth quintile,Yes,1
us,Fifth quintile,Yes,1
us,Fifth quintile,Yes,1
us,Fourth quintile,Yes,1
us,Second quintile,No,1
us,Fourth quintile,Yes,1
us,Fifth quintile,Yes,1
us,Fourth quintile,Yes,1
us,Fourth quintile,Yes,1
us,Fourth quintile,Yes,1
us,Second quintile,Yes,1
us,Fifth quintile,Yes,1
us,Third quintile,Yes,1
us,Fourth quintile,Yes,1
us,Fourth quintile,Yes,1
us,First quintile ,Yes,1
us,Fifth quintile,Yes,1
us,Fifth quintile,Yes,1
us,Second quintile,Yes,0
us,Fifth quintile,Yes,1
us,First quintile ,Yes,1
us,First quintile ,Yes,0
us,Fifth quintile,Yes,1
us,Fifth quintile,No,1
us,Fifth quintile,Yes,1
us,Third quintile,Yes,1
us,First quintile ,Yes,1
us,First quintile ,Yes,1
us,Third quintile,Yes,1
us,Second quintile,Yes,1
us,Fifth quintile,Yes,1
us,Second quintile,No,1
us,Fifth quintile,Yes,1
us,Fifth quintile,Yes,1
us,Fifth quintile,Yes,1
us,Fourth quintile,No,1
us,Fifth quintile,Yes,1
us,Fifth quintile,Yes,1
us,Second quintile,Yes,1
us,First quintile ,No,0
us,First quintile ,Yes,1
us,First quintile ,Yes,0
us,Fifth quintile,Yes,1
us,Second quintile,Yes,1
us,Fifth quintile,Yes,1
us,First quintile ,Yes,1
us,Fifth quintile,Yes,1
us,Fourth quintile,No,1
us,Fifth quintile,Yes,1
us,Third quintile,Yes,1
us,Fourth quintile,Yes,1
us,Second quintile,No,1
us,Fourth quintile,Yes,1
us,First quintile ,Yes,1
us,Fifth quintile,Yes,1
us,Second quintile,No,1
us,Second quintile,No,1
us,Second quintile,Yes,0
us,First quintile ,No,1
us,Fourth quintile,Yes,1
us,Second quintile,No,1
us,Fourth quintile,Yes,1
us,Second quintile,Yes,1
us,Third quintile,Yes,1
us,Fourth quintile,Yes,1
us,Fifth quintile,Yes,1
us,Third quintile,Yes,0
us,Third quintile,Yes,1
us,First quintile ,Yes,1
us,Second quintile,Yes,0
us,Second quintile,No,1
us,First quintile ,Yes,1
us,First quintile ,Yes,1
us,Fourth quintile,Yes,1
us,Fifth quintile,Yes,1
us,Third quintile,Yes,1
us,Fourth quintile,Yes,1
us,Second quintile,No,0
us,Second quintile,Yes,1
us,Third quintile,Yes,1
us,Second quintile,No,1
us,Third quintile,Yes,0
us,Second quintile,Yes,1
us,Third quintile,Yes,1
us,First quintile ,Yes,1
us,Third quintile,Yes,1
us,Second quintile,Yes,0
us,First quintile ,Yes,1
us,Fourth quintile,Yes,1
us,Third quintile,Yes,1
us,Second quintile,No,0
us,Second quintile,Yes,1
us,Fifth quintile,Yes,1
us,Fifth quintile,Yes,1
us,Second quintile,No,1
us,Fourth quintile,Yes,1
us,Fourth quintile,Yes,1
us,Fourth quintile,Yes,1
us,Fourth quintile,Yes,1
us,Third quintile,Yes,1
us,Second quintile,Yes,1
us,Fourth quintile,Yes,1
us,Fifth quintile,Yes,1
us,Second quintile,Yes,1
us,Fourth quintile,Yes,1
us,First quintile ,Yes,0
us,Fifth quintile,Yes,1
us,First quintile ,Yes,1
us,Third quintile,Yes,1
us,Fourth quintile,No,1
us,Fourth quintile,Yes,1
us,Fourth quintile,Yes,1
us,Fourth quintile,Yes,1
us,First quintile ,Yes,0
us,Second quintile,Yes,0
us,Fifth quintile,Yes,1
us,Third quintile,Yes,1
us,Third quintile,Yes,1
us,Third quintile,Yes,0
us,Third quintile,Yes,1
us,Fourth quintile,Yes,1
us,Third quintile,Yes,1
us,Third quintile,Yes,1
us,Third quintile,Yes,1
us,Third quintile,Yes,1
us,Fourth quintile,No,1
us,Second quintile,Yes,1
us,First quintile ,No,1
us,Fourth quintile,Yes,1
us,Fourth quintile,Yes,1
us,Fourth quintile,Yes,1
us,Fourth quintile,Yes,1
us,Second quintile,Yes,1
us,First quintile ,Yes,0
us,Second quintile,Yes,1
us,Fifth quintile,No,0
us,Fifth quintile,Yes,1
us,Fourth quintile,Yes,0
us,Third quintile,No,1
us,Fifth quintile,Yes,1
us,Fourth quintile,Yes,1
us,Fourth quintile,No,1
us,Fifth quintile,Yes,1
us,Third quintile,No,1
us,Second quintile,Yes,1
us,Prefer not to answer,Yes,1
us,First quintile ,Yes,0
us,Third quintile,No,1
us,Third quintile,Yes,1
us,Third quintile,Yes,1
us,Third quintile,No,1
us,First quintile ,No,1
us,Fifth quintile,Yes,1
us,Third quintile,Yes,1
us,First quintile ,Yes,0
us,First quintile ,Yes,1
us,Third quintile,Yes,1
us,Fourth quintile,Yes,1
us,Third quintile,Yes,1
us,Second quintile,Yes,1
us,Second quintile,Yes,0
us,First quintile ,No,0
us,Third quintile,Yes,1
us,Third quintile,Yes,1
us,Fourth quintile,Yes,1
us,First quintile ,Yes,0
us,First quintile ,Yes,0
us,Fourth quintile,Yes,1
us,Fourth quintile,Yes,1
us,Second quintile,Yes,1
us,Fourth quintile,Yes,1
us,Second quintile,Yes,1
us,First quintile ,Yes,0
us,Third quintile,Yes,1
us,Fifth quintile,Yes,0
us,Fifth quintile,Yes,1
us,First quintile ,No,1
us,Fifth quintile,Yes,1
us,Second quintile,Yes,1
us,Fifth quintile,Yes,1
us,Second quintile,Yes,1
us,First quintile ,No,0
us,Third quintile,Yes,1
us,Third quintile,Yes,1
us,Second quintile,Yes,1
us,Third quintile,Yes,1
us,Prefer not to answer,Yes,1
us,Second quintile,Yes,1
us,Second quintile,Yes,1
us,Fifth quintile,Yes,1
us,Fourth quintile,Yes,1
us,Fifth quintile,Yes,1
us,First quintile ,Yes,1
us,Fourth quintile,Yes,1
us,Second quintile,Yes,1
us,Fifth quintile,Yes,1
us,Third quintile,Yes,1
us,First quintile ,Yes,1
us,Prefer not to answer,Yes,1
us,Fourth quintile,Yes,1
us,Second quintile,Yes,1
us,Fifth quintile,Yes,1
us,Second quintile,Yes,1
us,Second quintile,Yes,1
us,First quintile ,Yes,1
us,First quintile ,Yes,1
us,Third quintile,Yes,1
us,Fourth quintile,Yes,1
us,Fifth quintile,Yes,1
us,Third quintile,No,1
us,Fifth quintile,Yes,1
us,Third quintile,Yes,1
us,Second quintile,No,1
us,Fourth quintile,Yes,1
us,Fourth quintile,Yes,1
us,Third quintile,No,1
us,Second quintile,Yes,1
us,First quintile ,Yes,1
us,Second quintile,Yes,1
us,Second quintile,Yes,1
us,Fourth quintile,Yes,1
us,Fourth quintile,No,0
us,First quintile ,Yes,1
us,Third quintile,No,0
us,Second quintile,No,0
us,Third quintile,No,1
us,Second quintile,Yes,1
us,First quintile ,Yes,1
us,Second quintile,Yes,1
us,Third quintile,Yes,1
us,First quintile ,No,0
us,Third quintile,Yes,1
us,First quintile ,Yes,0
us,First quintile ,Yes,0
us,Third quintile,Yes,1
us,Third quintile,Yes,1
us,Second quintile,Yes,1
us,Second quintile,Yes,1
us,First quintile ,Yes,1
us,Fourth quintile,Yes,0
us,Third quintile,Yes,0
us,Fourth quintile,Yes,1
us,Fifth quintile,Yes,1
us,Fourth quintile,Yes,1
us,First quintile ,No,1
us,Fourth quintile,No,1
us,Third quintile,Yes,1
us,First quintile ,No,1
us,Fifth quintile,Yes,1
us,Fifth quintile,Yes,1
us,Second quintile,Yes,1
us,Fourth quintile,Yes,1
us,First quintile ,No,0
us,First quintile ,Yes,1
us,First quintile ,Yes,1
